point_id,latitude,longitude,segment_distance_m,total_distance_m,elevation_raw_m,elevation_m,is_restored,slope_raw_pct,slope_pct,slope_angle_deg,predicted_slope_pct,prediction_available
0,44.09646300,39.07461500,0.00000000,0.00000000,14.00000000,14.00000000,0,0.00000000,0.00000000,0.00000000,0.25217725,1
1,44.09652520,39.07514870,100.00000000,100.00000000,16.00000000,15.00000000,0,1.00000000,1.00000000,0.57293870,-2.10831217,1
2,44.09715566,39.07604169,100.00000000,200.00000000,17.00000000,15.66666667,0,0.66666667,0.66666667,0.38196621,-0.83477778,1
3,44.09672294,39.07691073,100.00000000,300.00000000,14.00000000,15.66666667,0,0.00000000,0.00000000,0.00000000,-0.34321032,1
4,44.09608423,39.07779227,100.00000000,400.00000000,11.00000000,14.00000000,0,-1.66666667,-1.66666667,-0.95484126,-0.26994180,1
5,44.09664949,39.07868352,100.00000000,500.00000000,9.00000000,11.33333333,0,-2.66666667,-2.66666667,-1.52752544,0.50491667,1
6,44.09728071,39.07957538,100.00000000,600.00000000,10.00000000,10.00000000,0,-1.33333333,-1.33333333,-0.76389846,-0.19658730,1
7,44.09781957,39.08057540,100.00000000,700.00000000,9.00000000,9.33333333,0,-0.66666667,-0.66666667,-0.38196621,0.69828138,1
8,44.09839110,39.08153964,100.00000000,800.00000000,13.00000000,10.66666667,0,1.33333334,1.33333334,0.76389846,1.13643651,1
9,44.09899800,39.08246377,100.00000000,900.00000000,12.00000000,11.33333333,0,0.66666666,0.66666666,0.38196620,1.66309921,1
10,44.09961074,39.08338041,100.00000000,1000.00000000,13.00000000,12.66666667,0,1.33333334,1.33333334,0.76389846,2.56062698,1
11,44.10043146,39.08350662,100.00000000,1100.00000000,17.00000000,14.00000000,0,1.33333333,1.33333333,0.76389846,4.04286111,1
12,44.10123997,39.08369966,100.00000000,1200.00000000,27.00000000,19.00000000,0,5.00000000,5.00000000,2.86240523,2.20528572,1
13,44.10167412,39.08477668,100.00000000,1300.00000000,26.00000000,23.33333333,0,4.33333333,4.33333333,2.48126480,3.35685450,1
14,44.10246965,39.08531228,100.00000000,1400.00000000,32.00000000,28.33333333,0,5.00000000,5.00000000,2.86240523,-2.75970238,1
15,44.10311393,39.08606415,100.00000000,1500.00000000,38.00000000,32.00000000,0,3.66666667,3.66666667,2.09990452,-5.70442063,1
16,44.10393752,39.08653351,100.00000000,1600.00000000,37.00000000,35.66666667,0,3.66666667,3.66666667,2.09990452,-6.08041270,1
17,44.10418703,39.08754288,100.00000000,1700.00000000,15.00000000,30.00000000,0,-5.66666667,-5.66666667,-3.24329228,-1.67100000,1
18,44.10361361,39.08850766,100.00000000,1800.00000000,13.00000000,21.66666667,0,-8.33333333,-8.33333333,-4.76364169,-2.34070238,1
19,44.10304370,39.08947644,100.00000000,1900.00000000,,21.81388889,1,0.14722222,0.14722222,0.08435206,-5.30816631,1
20,44.10247851,39.09045049,100.00000000,2000.00000000,,21.69166667,1,-0.12222222,-0.12222222,-0.07002814,-1.13600000,1
21,44.10188904,39.09139631,100.00000000,2100.00000000,,20.37500000,1,-1.31666667,-1.31666667,-0.75435084,-1.11900661,1
22,44.10139071,39.09243313,100.00000000,2200.00000000,,18.85277778,1,-1.52222222,-1.52222222,-0.87210173,-2.74060450,1
23,44.10086047,39.09344450,100.00000000,2300.00000000,,16.86666667,1,-1.98611111,-1.98611111,-1.13780825,-3.55766799,1
24,44.10032271,39.09444819,100.00000000,2400.00000000,,14.97777778,1,-1.88888889,-1.88888889,-1.08212493,0.25759127,1
25,44.09978554,39.09545253,100.00000000,2500.00000000,17.00000000,14.00000000,0,-0.97777778,-0.97777778,-0.56020755,0.49966234,1
26,44.09923775,39.09644552,100.00000000,2600.00000000,18.00000000,16.00000000,0,2.00000000,2.00000000,1.14576284,0.11226984,1
27,44.09868614,39.09743405,100.00000000,2700.00000000,22.00000000,19.00000000,0,3.00000000,3.00000000,1.71835800,0.80505159,1
28,44.09813599,39.09842436,100.00000000,2800.00000000,28.00000000,22.66666667,0,3.66666667,3.66666667,2.09990452,1.96685450,1
29,44.09759896,39.09942881,100.00000000,2900.00000000,33.00000000,27.66666667,0,5.00000000,5.00000000,2.86240523,6.14708730,1
30,44.09714291,39.10050281,100.00000000,3000.00000000,34.00000000,31.66666667,0,4.00000000,4.00000000,2.29061004,3.82074736,1
31,44.09691322,39.10170308,100.00000000,3100.00000000,54.00000000,40.33333333,0,8.66666666,8.66666666,4.95325747,2.66071826,1
32,44.09688636,39.10294790,100.00000000,3200.00000000,61.00000000,49.66666667,0,9.33333334,9.33333334,5.33215889,3.66239286,1
33,44.09658018,39.10401580,100.00000000,3300.00000000,46.00000000,53.66666667,0,4.00000000,4.00000000,2.29061004,7.02168783,1
34,44.09646224,39.10525323,100.00000000,3400.00000000,65.00000000,57.33333333,0,3.66666666,3.66666666,2.09990451,9.99502910,1
35,44.09690479,39.10622464,100.00000000,3500.00000000,84.00000000,65.00000000,0,7.66666667,7.66666667,4.38410026,-0.77453042,1
36,44.09706908,39.10733577,100.00000000,3600.00000000,79.00000000,76.00000000,0,11.00000000,11.00000000,6.27729849,3.97476984,1
37,44.09754988,39.10839258,100.00000000,3700.00000000,107.00000000,90.00000000,0,14.00000000,14.00000000,7.96961039,0.24511905,1
38,44.09822807,39.10917078,100.00000000,3800.00000000,84.00000000,90.00000000,0,0.00000000,0.00000000,0.00000000,6.55584921,1
39,44.09888552,39.10995306,100.00000000,3900.00000000,105.00000000,98.66666667,0,8.66666667,8.66666667,4.95325748,5.46415873,1
40,44.09927819,39.11107900,100.00000000,4000.00000000,114.00000000,101.00000000,0,2.33333333,2.33333333,1.33665898,4.76180159,1
41,44.09977246,39.11212132,100.00000000,4100.00000000,114.00000000,111.00000000,0,10.00000000,10.00000000,5.71059314,-2.04129101,1
42,44.10007213,39.11329766,100.00000000,4200.00000000,133.00000000,120.33333333,0,9.33333333,9.33333333,5.33215888,-4.66170899,1
43,44.10027485,39.11451239,100.00000000,4300.00000000,136.00000000,127.66666667,0,7.33333334,7.33333334,4.19418279,-1.42335582,1
44,44.09964369,39.11411572,100.00000000,4400.00000000,100.00000000,123.00000000,0,-4.66666667,-4.66666667,-2.67186460,5.65454101,1
45,44.09875298,39.11411884,100.00000000,4500.00000000,100.00000000,112.00000000,0,-11.00000000,-11.00000000,-6.27729849,6.00013348,1
46,44.09785838,39.11420886,100.00000000,4600.00000000,120.00000000,106.66666667,0,-5.33333333,-5.33333333,-3.05288251,2.14109127,1
47,44.09703577,39.11470463,100.00000000,4700.00000000,120.00000000,113.33333333,0,6.66666666,6.66666666,3.81407483,0.43915873,1
48,44.09618793,39.11510843,100.00000000,4800.00000000,,116.93333333,1,3.60000000,3.60000000,2.06175769,-1.38739683,1
49,44.09529371,39.11501226,100.00000000,4900.00000000,,118.53333333,1,1.60000000,1.60000000,0.91665426,3.49230291,1
50,44.09450926,39.11442299,100.00000000,5000.00000000,,117.44722222,1,-1.08611111,-1.08611111,-0.62227136,2.53187302,1
51,44.09367129,39.11410438,100.00000000,5100.00000000,,119.16111111,1,1.71388889,1.71388889,0.98188987,0.72133862,1
52,44.09283429,39.11445726,100.00000000,5200.00000000,,121.45000000,1,2.28888889,2.28888889,1.31120778,-0.61314286,1
53,44.09277221,39.11567914,100.00000000,5300.00000000,,126.65000000,1,5.20000000,5.20000000,2.97669947,-0.43879509,1
54,44.09283164,39.11690598,100.00000000,5400.00000000,127.00000000,129.33333333,0,2.68333333,2.68333333,1.53706791,1.64988228,1
55,44.09212147,39.11752334,100.00000000,5500.00000000,122.00000000,128.33333333,0,-1.00000000,-1.00000000,-0.57293870,-2.40255159,1
56,44.09150967,39.11807847,100.00000000,5600.00000000,125.00000000,124.66666667,0,-3.66666666,-3.66666666,-2.09990451,1.94666667,1
57,44.09091230,39.11847121,100.00000000,5700.00000000,133.00000000,126.66666667,0,2.00000000,2.00000000,1.14576284,3.66383333,1
58,44.09008423,39.11852726,100.00000000,5800.00000000,125.00000000,127.66666667,0,1.00000000,1.00000000,0.57293870,3.64371429,1
59,44.08974615,39.11955594,100.00000000,5900.00000000,143.00000000,133.66666667,0,6.00000000,6.00000000,3.43363036,3.08952381,1
60,44.08998507,39.12076127,100.00000000,6000.00000000,148.00000000,138.66666667,0,5.00000000,5.00000000,2.86240523,0.87020635,1
61,44.09026715,39.12194971,100.00000000,6100.00000000,171.00000000,154.00000000,0,15.33333333,15.33333333,8.71745696,-3.41779894,1
62,44.08975568,39.12282574,100.00000000,6200.00000000,155.00000000,158.00000000,0,4.00000000,4.00000000,2.29061004,3.49861508,1
63,44.08890031,39.12317895,100.00000000,6300.00000000,148.00000000,158.00000000,0,0.00000000,0.00000000,0.00000000,8.38939682,1
64,44.08808775,39.12368903,100.00000000,6400.00000000,163.00000000,155.33333333,0,-2.66666667,-2.66666667,-1.52752544,7.00917460,1
65,44.08728307,39.12424720,100.00000000,6500.00000000,173.00000000,161.33333333,0,6.00000000,6.00000000,3.43363036,7.98651587,1
66,44.08749354,39.12524096,100.00000000,6600.00000000,188.00000000,174.66666667,0,13.33333334,13.33333334,7.59464337,-2.56398413,1
67,44.08808723,39.12615971,100.00000000,6700.00000000,194.00000000,185.00000000,0,10.33333333,10.33333333,5.89962504,-3.35013492,1
68,44.08849154,39.12727745,100.00000000,6800.00000000,218.00000000,200.00000000,0,15.00000000,15.00000000,8.53076561,-11.45773545,1
69,44.08884731,39.12842665,100.00000000,6900.00000000,187.00000000,199.66666667,0,-0.33333333,-0.33333333,-0.19098522,-2.27861111,1
70,44.08887603,39.12962264,100.00000000,7000.00000000,,190.95555556,1,-8.71111111,-8.71111111,-4.97853146,-1.85269841,1
71,44.08806957,39.12971488,100.00000000,7100.00000000,,185.90277778,1,-5.05277778,-5.05277778,-2.89256846,-1.82534921,1
72,44.08724453,39.12921770,100.00000000,7200.00000000,,181.63333333,1,-4.26944444,-4.26944444,-2.44472677,-4.55190873,1
73,44.08641712,39.12872712,100.00000000,7300.00000000,,180.90000000,1,-0.73333333,-0.73333333,-0.42016152,-2.68306746,1
74,44.08558221,39.12870022,100.00000000,7400.00000000,,176.01111111,1,-4.88888889,-4.88888889,-2.79889851,-3.32665344,1
75,44.08498636,39.12963569,100.00000000,7500.00000000,172.00000000,167.00000000,0,-9.01111111,-9.01111111,-5.14907954,-4.92684921,1
76,44.08429746,39.13030134,100.00000000,7600.00000000,183.00000000,174.66666667,0,7.66666667,7.66666667,4.38410026,-1.27715873,1
77,44.08344815,39.13006240,100.00000000,7700.00000000,177.00000000,177.33333333,0,2.66666666,2.66666666,1.52752544,0.58345635,1
78,44.08285425,39.13096229,100.00000000,7800.00000000,180.00000000,180.00000000,0,2.66666667,2.66666667,1.52752544,4.87011243,1
79,44.08264944,39.13216293,100.00000000,7900.00000000,185.00000000,180.66666667,0,0.66666667,0.66666667,0.38196621,0.64331746,1
80,44.08203765,39.13289300,100.00000000,8000.00000000,172.00000000,179.00000000,0,-1.66666667,-1.66666667,-0.95484126,0.02738889,1
81,44.08114511,39.13294904,100.00000000,8100.00000000,169.00000000,175.33333333,0,-3.66666667,-3.66666667,-2.09990452,1.84567063,1
82,44.08073779,39.13399570,100.00000000,8200.00000000,179.00000000,173.33333333,0,-2.00000000,-2.00000000,-1.14576284,-0.36228571,1
83,44.07992179,39.13428134,100.00000000,8300.00000000,180.00000000,176.00000000,0,2.66666667,2.66666667,1.52752544,3.26996429,1
84,44.07909506,39.13393270,100.00000000,8400.00000000,181.00000000,180.00000000,0,4.00000000,4.00000000,2.29061004,-2.03425265,1
85,44.07855608,39.13293212,100.00000000,8500.00000000,174.00000000,178.33333333,0,-1.66666667,-1.66666667,-0.95484126,4.32619577,1
86,44.07809663,39.13186255,100.00000000,8600.00000000,192.00000000,182.33333333,0,4.00000000,4.00000000,2.29061004,3.44510318,1
87,44.07755189,39.13108519,100.00000000,8700.00000000,176.00000000,180.66666667,0,-1.66666666,-1.66666666,-0.95484125,5.75886508,1
88,44.07696034,39.13192779,100.00000000,8800.00000000,205.00000000,191.00000000,0,10.33333333,10.33333333,5.89962504,-6.10417857,1
89,44.07722121,39.13312397,100.00000000,8900.00000000,212.00000000,197.66666667,0,6.66666667,6.66666667,3.81407484,-2.77794444,1
90,44.07699662,39.13421149,100.00000000,9000.00000000,207.00000000,208.00000000,0,10.33333333,10.33333333,5.89962504,-3.13976984,1
91,44.07611802,39.13446090,100.00000000,9100.00000000,191.00000000,203.33333333,0,-4.66666667,-4.66666667,-2.67186460,2.60960318,1
92,44.07530481,39.13493229,100.00000000,9200.00000000,191.00000000,196.33333333,0,-7.00000000,-7.00000000,-4.00417294,0.24162169,1
93,44.07460508,39.13570593,100.00000000,9300.00000000,198.00000000,193.33333333,0,-3.00000000,-3.00000000,-1.71835800,-0.50022222,1
94,44.07371486,39.13585969,100.00000000,9400.00000000,,193.69722222,1,0.36388889,0.36388889,0.20849206,-2.51382540,1
95,44.07283866,39.13561049,100.00000000,9500.00000000,,195.01111111,1,1.31388889,1.31388889,0.75275957,0.27820767,1
96,44.07196094,39.13537824,100.00000000,9600.00000000,,195.25277778,1,0.24166667,0.24166667,0.13846453,0.84701323,1
97,44.07112311,39.13579214,100.00000000,9700.00000000,,193.82777778,1,-1.42500000,-1.42500000,-0.81640960,0.21807540,1
98,44.07033586,39.13639591,100.00000000,9800.00000000,,193.79722222,1,-0.03055556,-0.03055556,-0.01750704,2.09970635,1
99,44.06947291,39.13646217,100.00000000,9900.00000000,,188.35833333,1,-5.43888889,-5.43888889,-3.11318645,2.27369841,1
100,44.06959556,39.13768066,100.00000000,10000.00000000,209.00000000,190.33333333,0,1.97500000,1.97500000,1.13144455,1.93763889,1
101,44.06985178,39.13878878,100.00000000,10100.00000000,193.00000000,193.00000000,0,2.66666667,2.66666667,1.52752544,2.71900794,1
102,44.07062806,39.13816528,100.00000000,10200.00000000,209.00000000,203.66666667,0,10.66666667,10.66666667,6.08852816,-1.36437169,1
103,44.07112131,39.13891596,100.00000000,10300.00000000,212.00000000,204.66666667,0,1.00000000,1.00000000,0.57293870,-4.84436508,1
104,44.07176484,39.13976988,100.00000000,10400.00000000,199.00000000,206.66666667,0,2.00000000,2.00000000,1.14576284,-4.97269192,1
105,44.07265115,39.13974891,100.00000000,10500.00000000,202.00000000,204.33333333,0,-2.33333334,-2.33333334,-1.33665898,-7.69649868,1
106,44.07298197,39.14023357,100.00000000,10600.00000000,171.00000000,190.66666667,0,-13.66666666,-13.66666666,-7.78221072,-2.20625794,1
107,44.07214730,39.14016462,100.00000000,10700.00000000,161.00000000,178.00000000,0,-12.66666667,-12.66666667,-7.21902083,2.08967063,1
108,44.07127996,39.14013957,100.00000000,10800.00000000,163.00000000,165.00000000,0,-13.00000000,-13.00000000,-7.40691213,-3.82387302,1
109,44.07066303,39.13930136,100.00000000,10900.00000000,163.00000000,162.33333333,0,-2.66666667,-2.66666667,-1.52752544,-1.41304762,1
110,44.06988426,39.13984101,100.00000000,11000.00000000,168.00000000,164.66666667,0,2.33333334,2.33333334,1.33665898,-0.26623809,1
111,44.06913310,39.14041557,100.00000000,11100.00000000,139.00000000,156.66666667,0,-8.00000000,-8.00000000,-4.57392126,5.25616270,1
112,44.06874728,39.13941472,100.00000000,11200.00000000,149.00000000,152.00000000,0,-4.66666667,-4.66666667,-2.67186460,-3.44399206,1
113,44.06884041,39.13823422,100.00000000,11300.00000000,159.00000000,149.00000000,0,-3.00000000,-3.00000000,-1.71835800,-8.36971429,1
114,44.06838423,39.13718538,100.00000000,11400.00000000,172.00000000,160.00000000,0,11.00000000,11.00000000,6.27729849,-11.02044312,1
115,44.06750136,39.13725984,100.00000000,11500.00000000,142.00000000,157.66666667,0,-2.33333333,-2.33333333,-1.33665898,-9.52383333,1
116,44.06662448,39.13712143,100.00000000,11600.00000000,132.00000000,148.66666667,0,-9.00000000,-9.00000000,-5.14276456,-6.29819048,1
117,44.06572652,39.13710145,100.00000000,11700.00000000,119.00000000,131.00000000,0,-17.66666667,-17.66666667,-10.01887461,-3.19083730,1
118,44.06488620,39.13669034,100.00000000,11800.00000000,99.00000000,116.66666667,0,-14.33333333,-14.33333333,-8.15683860,-0.99493254,1
119,44.06405825,39.13621307,100.00000000,11900.00000000,105.00000000,107.66666667,0,-9.00000000,-9.00000000,-5.14276456,-3.43485714,1
120,44.06324240,39.13575588,100.00000000,12000.00000000,107.00000000,103.66666667,0,-4.00000000,-4.00000000,-2.29061004,1.89818254,1
121,44.06244802,39.13535560,100.00000000,12100.00000000,92.00000000,101.33333333,0,-2.33333334,-2.33333334,-1.33665898,-1.25371428,1
122,44.06160386,39.13519003,100.00000000,12200.00000000,79.00000000,92.66666667,0,-8.66666666,-8.66666666,-4.95325747,-3.64173016,1
123,44.06093548,39.13435676,100.00000000,12300.00000000,107.00000000,92.66666667,0,0.00000000,0.00000000,0.00000000,-9.80589682,1
124,44.06023979,39.13357238,100.00000000,12400.00000000,91.00000000,92.33333333,0,-0.33333334,-0.33333334,-0.19098523,-5.67651587,1
125,44.05966627,39.13276200,100.00000000,12500.00000000,69.00000000,89.00000000,0,-3.33333333,-3.33333333,-1.90915243,-3.77153175,1
126,44.05888023,39.13249310,100.00000000,12600.00000000,,75.04166667,1,-13.95833333,-13.95833333,-7.94619474,-2.03681349,1
127,44.05810832,39.13188713,100.00000000,12700.00000000,,64.38611111,1,-10.65555556,-10.65555556,-6.08223350,2.06720635,1
128,44.05851711,39.13265032,100.00000000,12800.00000000,,60.75277778,1,-3.63333333,-3.63333333,-2.08083133,0.30252381,1
129,44.05931032,39.13320938,100.00000000,12900.00000000,,65.10277778,1,4.35000000,4.35000000,2.49079613,-2.33600000,1
130,44.05912514,39.13415209,100.00000000,13000.00000000,,54.81666667,1,-10.28611111,-10.28611111,-5.87285326,0.28427778,1
131,44.05841671,39.13492300,100.00000000,13100.00000000,,38.28888889,1,-16.52777778,-16.52777778,-9.38487808,1.97030952,1
132,44.05758701,39.13503072,100.00000000,13200.00000000,27.00000000,25.66666667,0,-12.62222222,-12.62222222,-7.19395676,2.20830423,1
133,44.05673782,39.13461874,100.00000000,13300.00000000,26.00000000,26.00000000,0,0.33333333,0.33333333,0.19098522,3.00838492,1
134,44.05587112,39.13438668,100.00000000,13400.00000000,35.00000000,29.33333333,0,3.33333333,3.33333333,1.90915243,-0.13354762,1
135,44.05513249,39.13501337,100.00000000,13500.00000000,62.00000000,41.00000000,0,11.66666667,11.66666667,6.65442505,-0.22055556,1
136,44.05484903,39.13415728,100.00000000,13600.00000000,56.00000000,51.00000000,0,10.00000000,10.00000000,5.71059314,4.66653174,1
137,44.05488010,39.13294745,100.00000000,13700.00000000,49.00000000,55.66666667,0,4.66666667,4.66666667,2.67186460,4.78283862,1
138,44.05415879,39.13227032,100.00000000,13800.00000000,44.00000000,49.66666667,0,-6.00000000,-6.00000000,-3.43363036,-1.99602778,1
139,44.05359284,39.13311370,100.00000000,13900.00000000,75.00000000,56.00000000,0,6.33333333,6.33333333,3.62389259,-0.87177778,1
140,44.05292063,39.13253995,100.00000000,14000.00000000,71.00000000,63.33333333,0,7.33333333,7.33333333,4.19418279,1.93951058,1
141,44.05255205,39.13142744,100.00000000,14100.00000000,34.00000000,60.00000000,0,-3.33333333,-3.33333333,-1.90915243,10.75573016,1
142,44.05181939,39.13121434,100.00000000,14200.00000000,69.00000000,58.00000000,0,-2.00000000,-2.00000000,-1.14576284,2.73948413,1
143,44.05098776,39.13154870,100.00000000,14300.00000000,82.00000000,61.66666667,0,3.66666667,3.66666667,2.09990452,0.77251852,1
144,44.05011729,39.13153716,100.00000000,14400.00000000,94.00000000,81.66666667,0,20.00000000,20.00000000,11.30993247,-3.81934127,1
145,44.04927708,39.13130365,100.00000000,14500.00000000,96.00000000,90.66666667,0,9.00000000,9.00000000,5.14276456,-0.88966270,1
146,44.04843137,39.13143344,100.00000000,14600.00000000,84.00000000,91.33333333,0,0.66666666,0.66666666,0.38196620,6.25922222,1
147,44.04781227,39.13233699,100.00000000,14700.00000000,92.00000000,90.66666667,0,-0.66666666,-0.66666666,-0.38196620,-2.06435053,1
148,44.04799611,39.13339540,100.00000000,14800.00000000,93.00000000,89.66666667,0,-1.00000000,-1.00000000,-0.57293870,-1.35392857,1
149,44.04872164,39.13412905,100.00000000,14900.00000000,111.00000000,98.66666667,0,9.00000000,9.00000000,5.14276456,-6.54881746,1
150,44.04960978,39.13427815,100.00000000,15000.00000000,80.00000000,94.66666667,0,-4.00000000,-4.00000000,-2.29061004,-1.31866017,1
151,44.05038024,39.13436530,100.00000000,15100.00000000,91.00000000,94.00000000,0,-0.66666667,-0.66666667,-0.38196621,-3.77782672,1
152,44.04951567,39.13468111,100.00000000,15200.00000000,80.00000000,83.66666667,0,-10.33333333,-10.33333333,-5.89962504,-5.96014647,1
153,44.04863531,39.13493663,100.00000000,15300.00000000,83.00000000,84.66666667,0,1.00000000,1.00000000,0.57293870,-7.66475397,1
154,44.04775722,39.13495409,100.00000000,15400.00000000,71.00000000,78.00000000,0,-6.66666667,-6.66666667,-3.81407484,-7.48952742,1
155,44.04699640,39.13429221,100.00000000,15500.00000000,54.00000000,69.33333333,0,-8.66666667,-8.66666667,-4.95325748,-3.06079365,1
156,44.04622444,39.13366513,100.00000000,15600.00000000,47.00000000,57.33333333,0,-12.00000000,-12.00000000,-6.84277341,5.47744048,1
157,44.04546402,39.13302000,100.00000000,15700.00000000,39.00000000,46.66666667,0,-10.66666666,-10.66666666,-6.08852815,7.85000794,1
158,44.04503113,39.13320271,100.00000000,15800.00000000,39.00000000,41.66666667,0,-5.00000000,-5.00000000,-2.86240523,6.49895238,1
159,44.04550873,39.13421444,100.00000000,15900.00000000,,55.03888889,1,13.37222222,13.37222222,7.61653474,-3.49169048,1
160,44.04527497,39.13524827,100.00000000,16000.00000000,,63.21944444,1,8.18055555,8.18055555,4.67669924,-1.00344841,1
161,44.04478605,39.13599681,100.00000000,16100.00000000,,73.31944444,1,10.10000000,10.10000000,5.76731600,-2.71319841,1
162,44.04521841,39.13709325,100.00000000,16200.00000000,,78.74166666,1,5.42222222,5.42222222,3.10366523,-0.91651190,1
163,44.04541651,39.13819023,100.00000000,16300.00000000,,82.99444444,1,4.25277778,4.25277778,2.43519478,2.03873016,1
164,44.04462295,39.13775397,100.00000000,16400.00000000,,86.21666666,1,3.22222222,3.22222222,1.84555879,2.02714815,1
165,44.04384495,39.13720730,100.00000000,16500.00000000,74.00000000,83.33333333,0,-2.88333333,-2.88333333,-1.65157073,1.06694048,1
166,44.04352241,39.13829942,100.00000000,16600.00000000,91.00000000,80.33333333,0,-3.00000000,-3.00000000,-1.71835800,-0.75552381,1
167,44.04377075,39.13945784,100.00000000,16700.00000000,116.00000000,93.66666667,0,13.33333334,13.33333334,7.59464337,-7.71159127,1
168,44.04386108,39.14068941,100.00000000,16800.00000000,116.00000000,107.66666667,0,14.00000000,14.00000000,7.96961039,-4.52021032,1
169,44.04439155,39.14160809,100.00000000,16900.00000000,114.00000000,115.33333333,0,7.66666666,7.66666666,4.38410026,-2.76037831,1
170,44.04468682,39.14246132,100.00000000,17000.00000000,109.00000000,113.00000000,0,-2.33333333,-2.33333333,-1.33665898,-2.02425926,1
171,44.04380396,39.14244672,100.00000000,17100.00000000,99.00000000,107.33333333,0,-5.66666667,-5.66666667,-3.24329228,-4.56204762,1
172,44.04292109,39.14238134,100.00000000,17200.00000000,90.00000000,99.33333333,0,-8.00000000,-8.00000000,-4.57392126,-4.56980423,1
173,44.04206599,39.14232840,100.00000000,17300.00000000,83.00000000,90.66666667,0,-8.66666666,-8.66666666,-4.95325747,-3.76044444,1
174,44.04124215,39.14196983,100.00000000,17400.00000000,75.00000000,82.66666667,0,-8.00000000,-8.00000000,-4.57392126,-1.91812698,1
175,44.04038132,39.14160880,100.00000000,17500.00000000,73.00000000,77.00000000,0,-5.66666667,-5.66666667,-3.24329228,-0.10911111,1
176,44.03961070,39.14200669,100.00000000,17600.00000000,67.00000000,71.66666667,0,-5.33333333,-5.33333333,-3.05288251,1.60761508,1
177,44.03886338,39.14262151,100.00000000,17700.00000000,66.00000000,68.66666667,0,-3.00000000,-3.00000000,-1.71835800,-1.44530555,1
178,44.03882508,39.14354352,100.00000000,17800.00000000,73.00000000,68.66666667,0,0.00000000,0.00000000,0.00000000,0.00179365,1
179,44.03916268,39.14462035,100.00000000,17900.00000000,80.00000000,73.00000000,0,4.33333333,4.33333333,2.48126480,-3.05529365,1
180,44.03997656,39.14508633,100.00000000,18000.00000000,60.00000000,71.00000000,0,-2.00000000,-2.00000000,-1.14576284,-3.69684392,1
181,44.04042575,39.14615935,100.00000000,18100.00000000,75.00000000,71.66666667,0,0.66666667,0.66666667,0.38196621,-3.81639683,1
182,44.04098060,39.14713507,100.00000000,18200.00000000,62.00000000,65.66666667,0,-6.00000000,-6.00000000,-3.43363036,-5.68490873,1
183,44.04161325,39.14802421,100.00000000,18300.00000000,42.00000000,59.66666667,0,-6.00000000,-6.00000000,-3.43363036,-4.49375926,1
184,44.04226518,39.14888577,100.00000000,18400.00000000,49.00000000,51.00000000,0,-8.66666667,-8.66666667,-4.95325748,-6.92189153,1
185,44.04233346,39.14997245,100.00000000,18500.00000000,25.00000000,38.66666667,0,-12.33333333,-12.33333333,-7.03097330,-2.58042857,1
186,44.04173859,39.15083114,100.00000000,18600.00000000,16.00000000,30.00000000,0,-8.66666667,-8.66666667,-4.95325748,-1.19147475,1
187,44.04084178,39.15079374,100.00000000,18700.00000000,16.00000000,19.00000000,0,-11.00000000,-11.00000000,-6.27729849,1.24776191,1
188,44.03994456,39.15070810,100.00000000,18800.00000000,14.00000000,15.33333333,0,-3.66666667,-3.66666667,-2.09990452,1.23500000,1
189,44.03904768,39.15061763,100.00000000,18900.00000000,15.00000000,15.00000000,0,-0.33333333,-0.33333333,-0.19098522,3.05797883,1
190,44.03815121,39.15051928,100.00000000,19000.00000000,16.00000000,15.00000000,0,0.00000000,0.00000000,0.00000000,6.82184127,1
191,44.03725880,39.15041666,100.00000000,19100.00000000,21.00000000,17.33333333,0,2.33333333,2.33333333,1.33665898,1.74053175,1
192,44.03647786,39.15100735,100.00000000,19200.00000000,31.00000000,22.66666667,0,5.33333334,5.33333334,3.05288252,-2.21583730,1
193,44.03584984,39.15190200,100.00000000,19300.00000000,55.00000000,35.66666667,0,13.00000000,13.00000000,7.40691213,-7.31618386,1
194,44.03586567,39.15129283,100.00000000,19400.00000000,31.00000000,39.00000000,0,3.33333333,3.33333333,1.90915243,2.80871428,1
195,44.03583033,39.15014475,100.00000000,19500.00000000,22.00000000,36.00000000,0,-3.00000000,-3.00000000,-1.71835800,4.28529894,1
196,44.03523602,39.14925666,100.00000000,19600.00000000,31.00000000,28.00000000,0,-8.00000000,-8.00000000,-4.57392126,4.30571681,1
197,44.03449993,39.14919548,100.00000000,19700.00000000,47.00000000,33.33333333,0,5.33333333,5.33333333,3.05288251,-0.75637302,1
198,44.03377302,39.14859754,100.00000000,19800.00000000,,48.55833333,1,15.22500000,15.22500000,8.65680254,-6.50450794,1
199,44.03287764,39.14855186,100.00000000,19900.00000000,,63.21666667,1,14.65833333,14.65833333,8.33921743,-1.92207540,1
200,44.03208225,39.14816552,100.00000000,20000.00000000,,69.18333333,1,5.96666667,5.96666667,3.41459990,0.01980688,1
201,44.03134903,39.14814410,100.00000000,20100.00000000,,73.17777778,1,3.99444444,3.99444444,2.28743202,1.84665476,1
202,44.03187639,39.14899818,100.00000000,20200.00000000,,78.16944444,1,4.99166667,4.99166667,2.85764246,2.59132540,1
203,44.03273586,39.14936501,100.00000000,20300.00000000,,82.16944444,1,4.00000000,4.00000000,2.29061004,0.92727778,1
204,44.03339154,39.15013434,100.00000000,20400.00000000,97.00000000,86.00000000,0,3.83055556,3.83055556,2.19367415,-2.73270767,1
205,44.03314083,39.15082218,100.00000000,20500.00000000,98.00000000,97.00000000,0,11.00000000,11.00000000,6.27729849,-1.81673280,1
206,44.03252959,39.15098024,100.00000000,20600.00000000,105.00000000,100.00000000,0,3.00000000,3.00000000,1.71835800,-2.49518519,1
207,44.03280926,39.15209606,100.00000000,20700.00000000,119.00000000,107.33333333,0,7.33333333,7.33333333,4.19418279,0.09232540,1
208,44.03304425,39.15329693,100.00000000,20800.00000000,118.00000000,114.00000000,0,6.66666667,6.66666667,3.81407484,-0.99585450,1
209,44.03310688,39.15453862,100.00000000,20900.00000000,111.00000000,116.00000000,0,2.00000000,2.00000000,1.14576284,0.44686111,1
210,44.03303715,39.15578560,100.00000000,21000.00000000,109.00000000,112.66666667,0,-3.33333333,-3.33333333,-1.90915243,-0.79455159,1
211,44.03278668,39.15697452,100.00000000,21100.00000000,109.00000000,109.66666667,0,-3.00000000,-3.00000000,-1.71835800,-1.01003968,1
212,44.03220322,39.15791662,100.00000000,21200.00000000,105.00000000,107.66666667,0,-2.00000000,-2.00000000,-1.14576284,-0.81269444,1
213,44.03155209,39.15877842,100.00000000,21300.00000000,105.00000000,106.33333333,0,-1.33333334,-1.33333334,-0.76389846,0.21055952,1
214,44.03070709,39.15908507,100.00000000,21400.00000000,109.00000000,106.33333333,0,0.00000000,0.00000000,0.00000000,-0.22055556,1
215,44.02982405,39.15885428,100.00000000,21500.00000000,102.00000000,105.33333333,0,-1.00000000,-1.00000000,-0.57293870,-1.37691799,1
216,44.02894680,39.15858038,100.00000000,21600.00000000,105.00000000,105.33333333,0,0.00000000,0.00000000,0.00000000,-2.75611905,1
217,44.02806974,39.15830566,100.00000000,21700.00000000,106.00000000,104.33333333,0,-1.00000000,-1.00000000,-0.57293870,-3.05473809,1
218,44.02719217,39.15806113,100.00000000,21800.00000000,96.00000000,102.33333333,0,-2.00000000,-2.00000000,-1.14576284,-4.68725132,1
219,44.02630593,39.15825511,100.00000000,21900.00000000,90.00000000,97.33333333,0,-5.00000000,-5.00000000,-2.86240523,-4.23982011,1
220,44.02542587,39.15824279,100.00000000,22000.00000000,78.00000000,88.00000000,0,-9.33333333,-9.33333333,-5.33215888,-4.12900132,1
221,44.02475161,39.15742728,100.00000000,22100.00000000,65.00000000,77.66666667,0,-10.33333333,-10.33333333,-5.89962504,-3.10194444,1
222,44.02416076,39.15648743,100.00000000,22200.00000000,58.00000000,67.00000000,0,-10.66666667,-10.66666667,-6.08852816,-1.70926984,1
223,44.02332035,39.15627082,100.00000000,22300.00000000,62.00000000,61.66666667,0,-5.33333333,-5.33333333,-3.05288251,-1.58120887,1
224,44.02248423,39.15672729,100.00000000,22400.00000000,52.00000000,57.33333333,0,-4.33333334,-4.33333334,-2.48126481,-1.44814286,1
225,44.02210060,39.15775390,100.00000000,22500.00000000,,58.88055555,1,1.54722222,1.54722222,0.88642231,-0.25383333,1
226,44.02238572,39.15892855,100.00000000,22600.00000000,,59.60000000,1,0.71944444,0.71944444,0.41220419,-0.61101190,1
227,44.02281278,39.16002658,100.00000000,22700.00000000,,58.14444444,1,-1.45555555,-1.45555555,-0.83391301,-0.01660053,1
228,44.02281000,39.16124157,100.00000000,22800.00000000,,52.88611111,1,-5.25833333,-5.25833333,-3.01003086,0.33311508,1
229,44.02223477,39.16219161,100.00000000,22900.00000000,,48.20833333,1,-4.67777778,-4.67777778,-2.67821692,-1.00304233,1
230,44.02150471,39.16291531,100.00000000,23000.00000000,,41.26944445,1,-6.93888889,-6.93888889,-3.96932811,-4.27896429,1
231,44.02071788,39.16352094,100.00000000,23100.00000000,44.00000000,35.66666667,0,-5.60277778,-5.60277778,-3.20680250,-2.66025794,1
232,44.01995457,39.16418174,100.00000000,23200.00000000,40.00000000,40.33333333,0,4.66666666,4.66666666,2.67186459,-1.95656746,1
233,44.01928984,39.16501589,100.00000000,23300.00000000,36.00000000,40.00000000,0,-0.33333333,-0.33333333,-0.19098522,-2.48096825,1
234,44.01877159,39.16603776,100.00000000,23400.00000000,40.00000000,38.66666667,0,-1.33333333,-1.33333333,-0.76389846,-0.87483333,1
235,44.01827826,39.16708336,100.00000000,23500.00000000,36.00000000,37.33333333,0,-1.33333334,-1.33333334,-0.76389846,0.39658730,1
236,44.01849222,39.16822850,100.00000000,23600.00000000,64.00000000,46.66666667,0,9.33333334,9.33333334,5.33215889,-4.18135053,1
237,44.01797646,39.16879226,100.00000000,23700.00000000,40.00000000,46.66666667,0,0.00000000,0.00000000,0.00000000,2.87716667,1
238,44.01729997,39.16797058,100.00000000,23800.00000000,38.00000000,47.33333333,0,0.66666666,0.66666666,0.38196620,5.83947222,1
239,44.01664501,39.16711360,100.00000000,23900.00000000,47.00000000,41.66666667,0,-5.66666666,-5.66666666,-3.24329228,2.86563095,1
240,44.01611815,39.16762986,100.00000000,24000.00000000,56.00000000,47.00000000,0,5.33333333,5.33333333,3.05288251,2.92894444,1
241,44.01606978,39.16887858,100.00000000,24100.00000000,67.00000000,56.66666667,0,9.66666667,9.66666667,5.52143642,-0.57473016,1
242,44.01603147,39.17012705,100.00000000,24200.00000000,67.00000000,63.33333333,0,6.66666666,6.66666666,3.81407483,1.09147800,1
243,44.01633009,39.17129488,100.00000000,24300.00000000,69.00000000,67.66666667,0,4.33333334,4.33333334,2.48126481,1.84624603,1
244,44.01624059,39.17252169,100.00000000,24400.00000000,70.00000000,68.66666667,0,1.00000000,1.00000000,0.57293870,2.22499603,1
245,44.01606166,39.17374520,100.00000000,24500.00000000,72.00000000,70.33333333,0,1.66666666,1.66666666,0.95484125,2.21150265,1
246,44.01624096,39.17493992,100.00000000,24600.00000000,75.00000000,72.33333333,0,2.00000000,2.00000000,1.14576284,1.19480159,1
247,44.01643842,39.17614720,100.00000000,24700.00000000,79.00000000,75.33333333,0,3.00000000,3.00000000,1.71835800,-0.04349603,1
248,44.01681366,39.17709330,100.00000000,24800.00000000,80.00000000,78.00000000,0,2.66666667,2.66666667,1.52752544,-6.42519444,1
249,44.01768710,39.17739102,100.00000000,24900.00000000,81.00000000,80.00000000,0,2.00000000,2.00000000,1.14576284,-8.04019180,1
250,44.01846474,39.17792512,100.00000000,25000.00000000,75.00000000,78.66666667,0,-1.33333333,-1.33333333,-0.76389846,-5.80169048,1
251,44.01826916,39.17906808,100.00000000,25100.00000000,48.00000000,68.00000000,0,-10.66666667,-10.66666667,-6.08852816,-3.10041511,1
252,44.01867639,39.18012650,100.00000000,25200.00000000,44.00000000,55.66666667,0,-12.33333333,-12.33333333,-7.03097330,-0.79996032,1
253,44.01857814,39.18128094,100.00000000,25300.00000000,,55.87777778,1,0.21111111,0.21111111,0.12095758,-1.04533201,1
254,44.01773687,39.18144190,100.00000000,25400.00000000,,58.83611111,1,2.95833333,2.95833333,1.69450593,-1.09313492,1
255,44.01688525,39.18104124,100.00000000,25500.00000000,,57.74722222,1,-1.08888889,-1.08888889,-0.62386272,-2.27080026,1
256,44.01604187,39.18060966,100.00000000,25600.00000000,,55.41944445,1,-2.32777778,-2.32777778,-1.33347761,-0.61592063,1
257,44.01523222,39.18010278,100.00000000,25700.00000000,,51.78055556,1,-3.63888889,-3.63888889,-2.08401023,-2.12200000,1
258,44.01438656,39.17968416,100.00000000,25800.00000000,,47.49166667,1,-4.28888889,-4.28888889,-2.45584725,0.63039683,1
259,44.01352151,39.17934806,100.00000000,25900.00000000,45.00000000,40.66666667,0,-6.82500000,-6.82500000,-3.90438218,-3.65369048,1
260,44.01269397,39.17888125,100.00000000,26000.00000000,38.00000000,40.00000000,0,-0.66666667,-0.66666667,-0.38196621,-6.19595238,1
261,44.01253922,39.17981006,100.00000000,26100.00000000,57.00000000,46.66666667,0,6.66666667,6.66666667,3.81407484,-0.56988095,1
262,44.01243043,39.18102983,100.00000000,26200.00000000,56.00000000,50.33333333,0,3.66666666,3.66666666,2.09990451,2.90342064,1
263,44.01175736,39.18142353,100.00000000,26300.00000000,56.00000000,56.33333333,0,6.00000000,6.00000000,3.43363036,2.33740608,1
264,44.01088421,39.18136563,100.00000000,26400.00000000,50.00000000,54.00000000,0,-2.33333333,-2.33333333,-1.33665898,1.74323016,1
265,44.01092218,39.18238934,100.00000000,26500.00000000,58.00000000,54.66666667,0,0.66666667,0.66666667,0.38196621,-0.41751984,1
266,44.01162380,39.18302437,100.00000000,26600.00000000,62.00000000,56.66666667,0,2.00000000,2.00000000,1.14576284,-0.64614286,1
267,44.01240598,39.18351018,100.00000000,26700.00000000,56.00000000,58.66666667,0,2.00000000,2.00000000,1.14576284,-3.18877513,1
268,44.01170783,39.18380414,100.00000000,26800.00000000,56.00000000,58.00000000,0,-0.66666667,-0.66666667,-0.38196621,-2.15181746,1
269,44.01089035,39.18416336,100.00000000,26900.00000000,55.00000000,55.66666667,0,-2.33333333,-2.33333333,-1.33665898,-0.50822487,1
270,44.01045371,39.18473127,100.00000000,27000.00000000,44.00000000,51.66666667,0,-4.00000000,-4.00000000,-2.29061004,3.32892064,1
271,44.00994818,39.18492217,100.00000000,27100.00000000,47.00000000,48.66666667,0,-3.00000000,-3.00000000,-1.71835800,2.03537037,1
272,44.00915815,39.18445124,100.00000000,27200.00000000,47.00000000,46.00000000,0,-2.66666667,-2.66666667,-1.52752544,2.11971032,1
273,44.00881949,39.18549534,100.00000000,27300.00000000,61.00000000,51.66666667,0,5.66666667,5.66666667,3.24329228,2.54513757,1
274,44.00931646,39.18651431,100.00000000,27400.00000000,62.00000000,56.66666667,0,5.00000000,5.00000000,2.86240523,0.86321693,1
275,44.00980606,39.18755441,100.00000000,27500.00000000,60.00000000,61.00000000,0,4.33333333,4.33333333,2.48126480,-0.87218651,1
276,44.01015092,39.18870823,100.00000000,27600.00000000,66.00000000,62.66666667,0,1.66666667,1.66666667,0.95484126,-4.29406746,1
277,44.01048002,39.18987189,100.00000000,27700.00000000,64.00000000,63.33333333,0,0.66666666,0.66666666,0.38196620,-4.04071428,1
278,44.01003105,39.19043418,100.00000000,27800.00000000,54.00000000,61.33333333,0,-2.00000000,-2.00000000,-1.14576284,1.39985450,1
279,44.00943040,39.18951877,100.00000000,27900.00000000,46.00000000,54.66666667,0,-6.66666666,-6.66666666,-3.81407483,3.80446703,1
280,44.00878044,39.18865745,100.00000000,28000.00000000,42.00000000,47.33333333,0,-7.33333334,-7.33333334,-4.19418279,3.92746032,1
281,44.00790298,39.18842443,100.00000000,28100.00000000,60.00000000,49.33333333,0,2.00000000,2.00000000,1.14576284,-1.49282143,1
282,44.00704294,39.18867938,100.00000000,28200.00000000,,48.83611111,1,-0.49722222,-0.49722222,-0.28488500,-0.71693651,1
283,44.00624809,39.18926382,100.00000000,28300.00000000,,48.86944444,1,0.03333333,0.03333333,0.01909859,0.13893254,1
284,44.00556674,39.19006053,100.00000000,28400.00000000,,48.00555555,1,-0.86388889,-0.86388889,-0.49495956,0.70537698,1
285,44.00483908,39.19071679,100.00000000,28500.00000000,,47.80833333,1,-0.19722222,-0.19722222,-0.11299986,0.16633333,1
286,44.00394223,39.19078192,100.00000000,28600.00000000,,49.01666666,1,1.20833333,1.20833333,0.69229031,-0.69167857,1
287,44.00361793,39.19156403,100.00000000,28700.00000000,,48.88333333,1,-0.13333333,-0.13333333,-0.07639433,0.07136508,1
288,44.00435466,39.19223946,100.00000000,28800.00000000,51.00000000,47.33333333,0,-1.55000000,-1.55000000,-0.88801347,-0.01093651,1
289,44.00492770,39.19294239,100.00000000,28900.00000000,36.00000000,44.33333333,0,-3.00000000,-3.00000000,-1.71835800,0.36321032,1
290,44.00522520,39.19406723,100.00000000,29000.00000000,55.00000000,47.33333333,0,3.00000000,3.00000000,1.71835800,2.99857143,1
291,44.00575509,39.19507609,100.00000000,29100.00000000,44.00000000,45.00000000,0,-2.33333333,-2.33333333,-1.33665898,3.67785450,1
292,44.00607579,39.19624329,100.00000000,29200.00000000,57.00000000,52.00000000,0,7.00000000,7.00000000,4.00417294,2.67836508,1
293,44.00637285,39.19742345,100.00000000,29300.00000000,65.00000000,55.33333333,0,3.33333333,3.33333333,1.90915243,1.34480952,1
294,44.00665647,39.19860959,100.00000000,29400.00000000,65.00000000,62.33333333,0,7.00000000,7.00000000,4.00417294,0.06865344,1
295,44.00646672,39.19979187,100.00000000,29500.00000000,68.00000000,66.00000000,0,3.66666667,3.66666667,2.09990452,-2.00317172,1
296,44.00638544,39.20095488,100.00000000,29600.00000000,71.00000000,68.00000000,0,2.00000000,2.00000000,1.14576284,-3.10508863,1
297,44.00706164,39.20176554,100.00000000,29700.00000000,69.00000000,69.33333333,0,1.33333333,1.33333333,0.76389846,-2.33111881,1
298,44.00684373,39.20283647,100.00000000,29800.00000000,54.00000000,64.66666667,0,-4.66666666,-4.66666666,-2.67186459,2.37371032,1
299,44.00601681,39.20253327,100.00000000,29900.00000000,57.00000000,60.00000000,0,-4.66666667,-4.66666667,-2.67186460,2.68695910,1
300,44.00517753,39.20221927,100.00000000,30000.00000000,56.00000000,55.66666667,0,-4.33333333,-4.33333333,-2.48126480,2.45371826,1
301,44.00428603,39.20238269,100.00000000,30100.00000000,67.00000000,60.00000000,0,4.33333333,4.33333333,2.48126480,-1.65201190,1
302,44.00339557,39.20255753,100.00000000,30200.00000000,75.00000000,66.00000000,0,6.00000000,6.00000000,3.43363036,-1.71595238,1
303,44.00250507,39.20273223,100.00000000,30300.00000000,73.00000000,71.66666667,0,5.66666667,5.66666667,3.24329228,-1.24528571,1
304,44.00161591,39.20291724,100.00000000,30400.00000000,60.00000000,69.33333333,0,-2.33333334,-2.33333334,-1.33665898,0.14005556,1
305,44.00123744,39.20393755,100.00000000,30500.00000000,65.00000000,66.00000000,0,-3.33333333,-3.33333333,-1.90915243,-1.60377381,1
306,44.00091297,39.20503500,100.00000000,30600.00000000,59.00000000,61.33333333,0,-4.66666667,-4.66666667,-2.67186460,-0.77146248,1
307,44.00011116,39.20560086,100.00000000,30700.00000000,,61.19444444,1,-0.13888889,-0.13888889,-0.07957742,-0.87583995,1
308,43.99935283,39.20626475,100.00000000,30800.00000000,,60.95000000,1,-0.24444444,-0.24444444,-0.14005607,0.07495635,1
309,43.99878992,39.20723432,100.00000000,30900.00000000,,59.73333333,1,-1.21666667,-1.21666667,-0.69706426,-0.97651587,1
310,43.99827309,39.20825742,100.00000000,31000.00000000,,58.62777778,1,-1.10555555,-1.10555555,-0.63341087,-0.28177778,1
311,43.99775948,39.20928363,100.00000000,31100.00000000,,57.71666667,1,-0.91111111,-0.91111111,-0.52201377,0.14053968,1
312,43.99747534,39.21043358,100.00000000,31200.00000000,,56.98611111,1,-0.73055555,-0.73055555,-0.41857005,1.29199206,1
313,43.99800435,39.21137453,100.00000000,31300.00000000,60.00000000,56.66666667,0,-0.31944444,-0.31944444,-0.18302756,0.91092063,1
314,43.99866586,39.21222129,100.00000000,31400.00000000,70.00000000,60.66666667,0,4.00000000,4.00000000,2.29061004,1.04300529,1
315,43.99921927,39.21320359,100.00000000,31500.00000000,88.00000000,72.66666667,0,12.00000000,12.00000000,6.84277341,-1.34508345,1
316,43.99980233,39.21413336,100.00000000,31600.00000000,56.00000000,71.33333333,0,-1.33333334,-1.33333334,-0.76389846,-0.05524206,1
317,43.99981589,39.21535041,100.00000000,31700.00000000,17.00000000,53.66666667,0,-17.66666666,-17.66666666,-10.01887460,0.40389947,1
318,43.99909217,39.21608804,100.00000000,31800.00000000,16.00000000,29.66666667,0,-24.00000000,-24.00000000,-13.49573328,1.20373016,1
319,43.99828472,39.21644868,100.00000000,31900.00000000,16.00000000,16.33333333,0,-13.33333334,-13.33333334,-7.59464337,7.61205952,1
320,43.99745127,39.21597977,100.00000000,32000.00000000,29.00000000,20.33333333,0,4.00000000,4.00000000,2.29061004,0.72411905,1
321,43.99659706,39.21560538,100.00000000,32100.00000000,21.00000000,22.00000000,0,1.66666667,1.66666667,0.95484126,6.57301190,1
322,43.99591752,39.21630663,100.00000000,32200.00000000,44.00000000,31.33333333,0,9.33333333,9.33333333,5.33215888,3.50438624,1
323,43.99544563,39.21540147,100.00000000,32300.00000000,35.00000000,33.33333333,0,2.00000000,2.00000000,1.14576284,4.70953571,1
324,43.99459082,39.21514425,100.00000000,32400.00000000,48.00000000,42.33333333,0,9.00000000,9.00000000,5.14276456,3.47474603,1
325,43.99386760,39.21580160,100.00000000,32500.00000000,52.00000000,45.00000000,0,2.66666667,2.66666667,1.52752544,1.07280556,1
326,43.99351099,39.21694817,100.00000000,32600.00000000,62.00000000,54.00000000,0,9.00000000,9.00000000,5.14276456,1.34792592,1
327,43.99317156,39.21810577,100.00000000,32700.00000000,63.00000000,59.00000000,0,5.00000000,5.00000000,2.86240523,1.01886111,1
328,43.99283214,39.21926338,100.00000000,32800.00000000,64.00000000,63.00000000,0,4.00000000,4.00000000,2.29061004,1.23354497,1
329,43.99247816,39.22041152,100.00000000,32900.00000000,66.00000000,64.33333333,0,1.33333333,1.33333333,0.76389846,2.45442063,1
330,43.99197717,39.22144786,100.00000000,33000.00000000,71.00000000,67.00000000,0,2.66666667,2.66666667,1.52752544,1.58741270,1
331,43.99136262,39.22235790,100.00000000,33100.00000000,,67.29166667,1,0.29166667,0.29166667,0.16711222,-1.45061905,1
332,43.99072979,39.22324599,100.00000000,33200.00000000,,67.68055555,1,0.38888889,0.38888889,0.22281580,-1.52268254,1
333,43.99009991,39.22413818,100.00000000,33300.00000000,,68.08888889,1,0.40833333,0.40833333,0.23395647,-0.40664683,1
334,43.98946415,39.22502202,100.00000000,33400.00000000,,68.43888889,1,0.35000000,0.35000000,0.20053441,0.56629497,1
335,43.98883620,39.22591653,100.00000000,33500.00000000,,68.75000000,1,0.31111111,0.31111111,0.17825296,0.43214418,1
336,43.98812729,39.22668137,100.00000000,33600.00000000,,69.06111111,1,0.31111111,0.31111111,0.17825296,0.10924603,1
337,43.98736115,39.22733576,100.00000000,33700.00000000,65.00000000,69.33333333,0,0.27222222,0.27222222,0.15597146,0.07730159,1
338,43.98659654,39.22798579,100.00000000,33800.00000000,65.00000000,66.66666667,0,-2.66666666,-2.66666666,-1.52752544,0.79169841,1
339,43.98622322,39.22909612,100.00000000,33900.00000000,65.00000000,65.00000000,0,-1.66666667,-1.66666667,-0.95484126,0.48046296,1
340,43.98600274,39.23030703,100.00000000,34000.00000000,60.00000000,63.33333333,0,-1.66666667,-1.66666667,-0.95484126,0.29178571,1
341,43.98555616,39.23139032,100.00000000,34100.00000000,59.00000000,61.33333333,0,-2.00000000,-2.00000000,-1.14576284,-0.22644841,1
342,43.98505711,39.23243004,100.00000000,34200.00000000,64.00000000,61.00000000,0,-0.33333333,-0.33333333,-0.19098522,-0.70429365,1
343,43.98454317,39.23345191,100.00000000,34300.00000000,66.00000000,63.00000000,0,2.00000000,2.00000000,1.14576284,-1.69867460,1
344,43.98382051,39.23418982,100.00000000,34400.00000000,62.00000000,64.00000000,0,1.00000000,1.00000000,0.57293870,0.26621958,1
345,43.98305700,39.23485024,100.00000000,34500.00000000,61.00000000,63.00000000,0,-1.00000000,-1.00000000,-0.57293870,-0.54751190,1
346,43.98229433,39.23551253,100.00000000,34600.00000000,58.00000000,60.33333333,0,-2.66666667,-2.66666667,-1.52752544,1.36032936,1
347,43.98152866,39.23616810,100.00000000,34700.00000000,59.00000000,59.33333333,0,-1.00000000,-1.00000000,-0.57293870,0.20036376,1
348,43.98076246,39.23682246,100.00000000,34800.00000000,58.00000000,58.33333333,0,-1.00000000,-1.00000000,-0.57293870,-0.04542460,1
349,43.97991460,39.23697084,100.00000000,34900.00000000,61.00000000,59.33333333,0,1.00000000,1.00000000,0.57293870,0.34823810,1
350,43.97909207,39.23736328,100.00000000,35000.00000000,59.00000000,59.33333333,0,0.00000000,0.00000000,0.00000000,-1.14159524,1
351,43.97833207,39.23802048,100.00000000,35100.00000000,59.00000000,59.66666667,0,0.33333334,0.33333334,0.19098523,0.70267989,1
352,43.97868620,39.23900279,100.00000000,35200.00000000,63.00000000,60.33333333,0,0.66666666,0.66666666,0.38196620,0.86777381,1
353,43.97942788,39.23963145,100.00000000,35300.00000000,56.00000000,59.33333333,0,-1.00000000,-1.00000000,-0.57293870,-3.77192857,1
354,43.98031069,39.23984505,100.00000000,35400.00000000,63.00000000,60.66666667,0,1.33333334,1.33333334,0.76389846,-3.35387302,1
355,43.98090122,39.24067454,100.00000000,35500.00000000,65.00000000,61.33333333,0,0.66666666,0.66666666,0.38196620,-4.21881746,1
356,43.98032544,39.24142275,100.00000000,35600.00000000,26.00000000,51.33333333,0,-10.00000000,-10.00000000,-5.71059314,1.95191270,1
357,43.97944475,39.24167065,100.00000000,35700.00000000,38.00000000,43.00000000,0,-8.33333333,-8.33333333,-4.76364169,-0.03182143,1
358,43.97868764,39.24230400,100.00000000,35800.00000000,40.00000000,34.66666667,0,-8.33333333,-8.33333333,-4.76364169,3.64374074,1
359,43.97802514,39.24314768,100.00000000,35900.00000000,44.00000000,40.66666667,0,6.00000000,6.00000000,3.43363036,-0.17501190,1
360,43.97739347,39.24403124,100.00000000,36000.00000000,,44.27777778,1,3.61111111,3.61111111,2.06811562,2.32783730,1
361,43.97683533,39.24500598,100.00000000,36100.00000000,,48.25000000,1,3.97222222,3.97222222,2.27471980,3.24405291,1
362,43.97603192,39.24555921,100.00000000,36200.00000000,,50.59722222,1,2.34722222,2.34722222,1.34461237,1.31924206,1
363,43.97528087,39.24622178,100.00000000,36300.00000000,,52.22222222,1,1.62500000,1.62500000,0.93097448,-1.25075397,1
364,43.97482366,39.24729437,100.00000000,36400.00000000,,54.56944444,1,2.34722222,2.34722222,1.34461237,-1.82827381,1
365,43.97418735,39.24816643,100.00000000,36500.00000000,,59.08333333,1,4.51388889,4.51388889,2.58451345,2.74904894,1
366,43.97348284,39.24894315,100.00000000,36600.00000000,60.00000000,62.33333333,0,3.25000000,3.25000000,1.86145763,4.82126984,1
367,43.97277913,39.24972123,100.00000000,36700.00000000,57.00000000,61.33333333,0,-1.00000000,-1.00000000,-0.57293870,-0.06568001,1
368,43.97207599,39.25050031,100.00000000,36800.00000000,55.00000000,57.33333333,0,-4.00000000,-4.00000000,-2.29061004,2.33452381,1
369,43.97137285,39.25127938,100.00000000,36900.00000000,52.00000000,54.66666667,0,-2.66666666,-2.66666666,-1.52752544,0.66729365,1
370,43.97066972,39.25205846,100.00000000,37000.00000000,45.00000000,50.66666667,0,-4.00000000,-4.00000000,-2.29061004,1.51710328,1
371,43.96996658,39.25283754,100.00000000,37100.00000000,44.00000000,47.00000000,0,-3.66666667,-3.66666667,-2.09990452,1.60303968,1
372,43.96926347,39.25361665,100.00000000,37200.00000000,55.00000000,48.00000000,0,1.00000000,1.00000000,0.57293870,-1.24963889,1
373,43.96856078,39.25439647,100.00000000,37300.00000000,56.00000000,51.66666667,0,3.66666667,3.66666667,2.09990452,-1.30062169,1
374,43.96785799,39.25517612,100.00000000,37400.00000000,58.00000000,56.33333333,0,4.66666666,4.66666666,2.67186459,-2.83509921,1
375,43.96715356,39.25595287,100.00000000,37500.00000000,49.00000000,54.33333333,0,-2.00000000,-2.00000000,-1.14576284,1.81369841,1
376,43.96644265,39.25671816,100.00000000,37600.00000000,45.00000000,50.66666667,0,-3.66666666,-3.66666666,-2.09990451,0.73079365,1
377,43.96573178,39.25748351,100.00000000,37700.00000000,39.00000000,44.33333333,0,-6.33333334,-6.33333334,-3.62389260,0.46490476,1
378,43.96502135,39.25824962,100.00000000,37800.00000000,48.00000000,44.00000000,0,-0.33333333,-0.33333333,-0.19098522,-0.42130159,1
379,43.96431104,39.25901595,100.00000000,37900.00000000,49.00000000,45.33333333,0,1.33333333,1.33333333,0.76389846,-0.44067460,1
380,43.96360087,39.25978250,100.00000000,38000.00000000,46.00000000,47.66666667,0,2.33333334,2.33333334,1.33665898,3.18440476,1
381,43.96288849,39.26054500,100.00000000,38100.00000000,52.00000000,49.00000000,0,1.33333333,1.33333333,0.76389846,-4.01344444,1
382,43.96224454,39.26140571,100.00000000,38200.00000000,47.00000000,48.33333333,0,-0.66666667,-0.66666667,-0.38196621,-2.46576984,1
383,43.96179199,39.26248160,100.00000000,38300.00000000,57.00000000,52.00000000,0,3.66666667,3.66666667,2.09990452,-1.85485317,1
384,43.96155777,39.26368195,100.00000000,38400.00000000,33.00000000,45.66666667,0,-6.33333333,-6.33333333,-3.62389259,-1.99886376,1
385,43.96160607,39.26492767,100.00000000,38500.00000000,28.00000000,39.33333333,0,-6.33333334,-6.33333334,-3.62389260,-4.72572222,1
386,43.96167795,39.26617290,100.00000000,38600.00000000,,37.80000000,1,-1.53333333,-1.53333333,-0.87846644,-5.45562266,1
387,43.96174786,39.26741852,100.00000000,38700.00000000,,35.81944444,1,-1.98055555,-1.98055555,-1.13462640,-2.01394841,1
388,43.96181835,39.26866407,100.00000000,38800.00000000,,33.34722222,1,-2.47222222,-2.47222222,-1.41619052,-1.61369312,1
389,43.96185179,39.26991120,100.00000000,38900.00000000,,30.81111111,1,-2.53611111,-2.53611111,-1.45277322,-2.88597884,1
390,43.96160408,39.27109856,100.00000000,39000.00000000,,28.59722222,1,-2.21388889,-2.21388889,-1.26825772,-0.77706614,1
391,43.96107555,39.27210272,100.00000000,39100.00000000,,25.82222222,1,-2.77500000,-2.77500000,-1.58954995,0.59549735,1
392,43.96024214,39.27250976,100.00000000,39200.00000000,39.00000000,22.66666667,0,-3.15555555,-3.15555555,-1.80740040,-0.34683333,1
393,43.95936841,39.27229469,100.00000000,39300.00000000,11.00000000,21.33333333,0,-1.33333334,-1.33333334,-0.76389846,-0.27307407,1
394,43.95853647,39.27182025,100.00000000,39400.00000000,31.00000000,27.00000000,0,5.66666667,5.66666667,3.24329228,2.05197619,1
395,43.95768501,39.27196371,100.00000000,39500.00000000,50.00000000,30.66666667,0,3.66666667,3.66666667,2.09990452,0.44327249,1
396,43.95694550,39.27265194,100.00000000,39600.00000000,70.00000000,50.33333333,0,19.66666666,19.66666666,11.12617499,-4.13984524,1
397,43.95674760,39.27384569,100.00000000,39700.00000000,82.00000000,67.33333333,0,17.00000000,17.00000000,9.64804532,-0.43965079,1
398,43.95664620,39.27508479,100.00000000,39800.00000000,68.00000000,73.33333333,0,6.00000000,6.00000000,3.43363036,5.27077249,1
399,43.95642886,39.27629389,100.00000000,39900.00000000,78.00000000,76.00000000,0,2.66666667,2.66666667,1.52752544,5.15238227,1
400,43.95602657,39.27740996,100.00000000,40000.00000000,88.00000000,78.00000000,0,2.00000000,2.00000000,1.14576284,2.55687302,1
401,43.95559212,39.27850350,100.00000000,40100.00000000,88.00000000,84.66666667,0,6.66666667,6.66666667,3.81407484,0.69369841,1
402,43.95514553,39.27958671,100.00000000,40200.00000000,97.00000000,91.00000000,0,6.33333333,6.33333333,3.62389259,5.42115079,1
403,43.95471764,39.28068541,100.00000000,40300.00000000,93.00000000,92.66666667,0,1.66666667,1.66666667,0.95484126,1.01866667,1
404,43.95414280,39.28164461,100.00000000,40400.00000000,91.00000000,93.66666667,0,1.00000000,1.00000000,0.57293870,6.40683730,1
405,43.95381445,39.28274877,100.00000000,40500.00000000,118.00000000,100.66666667,0,7.00000000,7.00000000,4.00417294,3.69628932,1
406,43.95292426,39.28287216,100.00000000,40600.00000000,102.00000000,103.66666667,0,3.00000000,3.00000000,1.71835800,2.80258466,1
407,43.95217232,39.28350872,100.00000000,40700.00000000,119.00000000,113.00000000,0,9.33333333,9.33333333,5.33215888,1.49774339,1
408,43.95213759,39.28471017,100.00000000,40800.00000000,134.00000000,118.33333333,0,5.33333333,5.33333333,3.05288251,-0.96612410,1
409,43.95152900,39.28559309,100.00000000,40900.00000000,115.00000000,122.66666667,0,4.33333334,4.33333334,2.48126481,2.30594444,1
410,43.95092561,39.28650915,100.00000000,41000.00000000,131.00000000,126.66666667,0,4.00000000,4.00000000,2.29061004,-2.76947222,1
411,43.95081078,39.28771319,100.00000000,41100.00000000,129.00000000,125.00000000,0,-1.66666667,-1.66666667,-0.95484126,2.48938095,1
412,43.95068585,39.28868252,100.00000000,41200.00000000,124.00000000,128.00000000,0,3.00000000,3.00000000,1.71835800,4.86418254,1
413,43.94986401,39.28909864,100.00000000,41300.00000000,107.00000000,120.00000000,0,-8.00000000,-8.00000000,-4.57392126,7.01015608,1
414,43.94916979,39.28989271,100.00000000,41400.00000000,136.00000000,122.33333333,0,2.33333333,2.33333333,1.33665898,-3.72172222,1
415,43.94868993,39.29082753,100.00000000,41500.00000000,148.00000000,130.33333333,0,8.00000000,8.00000000,4.57392126,-2.92635847,1
416,43.94856562,39.29185142,100.00000000,41600.00000000,150.00000000,144.66666667,0,14.33333334,14.33333334,8.15683860,-6.07565873,1
417,43.94772915,39.29180164,100.00000000,41700.00000000,121.00000000,139.66666667,0,-5.00000000,-5.00000000,-2.86240523,0.04776191,1
418,43.94732543,39.29259264,100.00000000,41800.00000000,,140.43888889,1,0.77222222,0.77222222,0.44244195,-0.14297619,1
419,43.94674865,39.29318081,100.00000000,41900.00000000,,139.15277778,1,-1.28611111,-1.28611111,-0.73684676,-2.64626984,1
420,43.94611468,39.29400322,100.00000000,42000.00000000,,138.39444445,1,-0.75833333,-0.75833333,-0.43448467,-1.11974603,1
421,43.94560434,39.29500103,100.00000000,42100.00000000,,136.96666667,1,-1.42777778,-1.42777778,-0.81800083,-0.20771958,1
422,43.94487867,39.29573833,100.00000000,42200.00000000,,134.63055556,1,-2.33611111,-2.33611111,-1.33824966,-1.65291667,1
423,43.94418152,39.29648409,100.00000000,42300.00000000,,133.21666667,1,-1.41388889,-1.41388889,-0.81004468,-0.62905556,1
424,43.94353815,39.29704853,100.00000000,42400.00000000,129.00000000,129.66666667,0,-3.55000000,-3.55000000,-2.03314637,-1.24190741,1
425,43.94391119,39.29813255,100.00000000,42500.00000000,139.00000000,135.66666667,0,6.00000000,6.00000000,3.43363036,2.99116138,1
426,43.94429249,39.29923690,100.00000000,42600.00000000,142.00000000,136.66666667,0,1.00000000,1.00000000,0.57293870,0.89032143,1
427,43.94476461,39.30025790,100.00000000,42700.00000000,125.00000000,135.33333333,0,-1.33333334,-1.33333334,-0.76389846,2.82111905,1
428,43.94517469,39.30135692,100.00000000,42800.00000000,166.00000000,144.33333333,0,9.00000000,9.00000000,5.14276456,-8.07655159,1
429,43.94557310,39.30246537,100.00000000,42900.00000000,126.00000000,139.00000000,0,-5.33333333,-5.33333333,-3.05288251,-5.39832937,1
430,43.94620059,39.30308444,100.00000000,43000.00000000,135.00000000,142.33333333,0,3.33333333,3.33333333,1.90915243,-3.22513228,1
431,43.94642348,39.30426471,100.00000000,43100.00000000,111.00000000,124.00000000,0,-18.33333333,-18.33333333,-10.38885781,2.42289153,1
432,43.94654248,39.30549995,100.00000000,43200.00000000,96.00000000,114.00000000,0,-10.00000000,-10.00000000,-5.71059314,4.24601587,1
433,43.94704187,39.30652003,100.00000000,43300.00000000,120.00000000,109.00000000,0,-5.00000000,-5.00000000,-2.86240523,-2.68118254,1
434,43.94759174,39.30741447,100.00000000,43400.00000000,129.00000000,115.00000000,0,6.00000000,6.00000000,3.43363036,-6.04738889,1
435,43.94779815,39.30862949,100.00000000,43500.00000000,115.00000000,121.33333333,0,6.33333333,6.33333333,3.62389259,-9.92032540,1
436,43.94807039,39.30981000,100.00000000,43600.00000000,95.00000000,113.00000000,0,-8.33333333,-8.33333333,-4.76364169,-2.12519841,1
437,43.94780442,39.30965191,100.00000000,43700.00000000,95.00000000,101.66666667,0,-11.33333333,-11.33333333,-6.46593210,-4.23732540,1
438,43.94749173,39.30848300,100.00000000,43800.00000000,52.00000000,80.66666667,0,-21.00000000,-21.00000000,-11.85977912,-3.05823016,1
439,43.94708285,39.30737639,100.00000000,43900.00000000,84.00000000,77.00000000,0,-3.66666667,-3.66666667,-2.09990452,-5.39395238,1
440,43.94638226,39.30659511,100.00000000,44000.00000000,80.00000000,72.00000000,0,-5.00000000,-5.00000000,-2.86240523,-4.22720635,1
441,43.94568020,39.30581485,100.00000000,44100.00000000,40.00000000,68.00000000,0,-4.00000000,-4.00000000,-2.29061004,-2.81480952,1
442,43.94497974,39.30503171,100.00000000,44200.00000000,34.00000000,51.33333333,0,-16.66666667,-16.66666667,-9.46232221,0.82613492,1
443,43.94427427,39.30425706,100.00000000,44300.00000000,29.00000000,34.33333333,0,-17.00000000,-17.00000000,-9.64804532,2.27343915,1
444,43.94348432,39.30366574,100.00000000,44400.00000000,21.00000000,28.00000000,0,-6.33333333,-6.33333333,-3.62389259,5.03413757,1
445,43.94305870,39.30259575,100.00000000,44500.00000000,33.00000000,27.66666667,0,-0.33333333,-0.33333333,-0.19098522,3.60737302,1
446,43.94244133,39.30198223,100.00000000,44600.00000000,34.00000000,29.33333333,0,1.66666666,1.66666666,0.95484125,0.87839286,1
447,43.94154651,39.30208698,100.00000000,44700.00000000,,35.85000000,1,6.51666667,6.51666667,3.72850299,0.38025794,1
448,43.94066051,39.30205027,100.00000000,44800.00000000,,40.18888889,1,4.33888889,4.33888889,2.48444193,4.05146032,1
449,43.94026609,39.30147386,100.00000000,44900.00000000,,48.98333333,1,8.79444445,8.79444445,5.02591493,3.68016053,1
450,43.94009001,39.30030777,100.00000000,45000.00000000,,55.03333333,1,6.05000000,6.05000000,3.46217463,-0.60116667,1
451,43.93938231,39.30021106,100.00000000,45100.00000000,,60.83611111,1,5.80277778,5.80277778,3.32102256,1.64657937,1
452,43.93867124,39.30097569,100.00000000,45200.00000000,,65.74444445,1,4.90833333,4.90833333,2.81001269,-0.14579365,1
453,43.93797214,39.30175981,100.00000000,45300.00000000,73.00000000,68.66666667,0,2.92222222,2.92222222,1.67383366,-2.41714947,1
454,43.93733771,39.30264062,100.00000000,45400.00000000,60.00000000,70.00000000,0,1.33333333,1.33333333,0.76389846,-2.19437566,1
455,43.93656317,39.30325603,100.00000000,45500.00000000,38.00000000,57.00000000,0,-13.00000000,-13.00000000,-7.40691213,-1.24913733,1
456,43.93592657,39.30413421,100.00000000,45600.00000000,54.00000000,50.66666667,0,-6.33333333,-6.33333333,-3.62389259,-0.28021429,1
457,43.93508061,39.30454008,100.00000000,45700.00000000,46.00000000,46.00000000,0,-4.66666667,-4.66666667,-2.67186460,-2.42815344,1
458,43.93422112,39.30490457,100.00000000,45800.00000000,31.00000000,43.66666667,0,-2.33333333,-2.33333333,-1.33665898,-2.40915079,1
459,43.93347804,39.30559432,100.00000000,45900.00000000,34.00000000,37.00000000,0,-6.66666667,-6.66666667,-3.81407484,-6.53819312,1
460,43.93268745,39.30618413,100.00000000,46000.00000000,31.00000000,32.00000000,0,-5.00000000,-5.00000000,-2.86240523,-5.26259921,1
461,43.93192476,39.30684583,100.00000000,46100.00000000,25.00000000,30.00000000,0,-2.00000000,-2.00000000,-1.14576284,-5.82126984,1
462,43.93111533,39.30736476,100.00000000,46200.00000000,11.00000000,22.33333333,0,-7.66666667,-7.66666667,-4.38410026,-1.65777513,1
463,43.93023864,39.30762814,100.00000000,46300.00000000,12.00000000,16.00000000,0,-6.33333333,-6.33333333,-3.62389259,-1.43062302,1
464,43.92944337,39.30820903,100.00000000,46400.00000000,7.00000000,10.00000000,0,-6.00000000,-6.00000000,-3.43363036,-0.47627249,1
465,43.92865964,39.30882108,100.00000000,46500.00000000,8.00000000,9.00000000,0,-1.00000000,-1.00000000,-0.57293870,-1.66026984,1
466,43.92788804,39.30946251,100.00000000,46600.00000000,8.00000000,7.66666667,0,-1.33333333,-1.33333333,-0.76389846,-0.71020238,1
467,43.92710492,39.31007640,100.00000000,46700.00000000,9.00000000,8.33333333,0,0.66666666,0.66666666,0.38196620,-0.37673016,1
468,43.92632152,39.31068964,100.00000000,46800.00000000,6.00000000,7.66666667,0,-0.66666666,-0.66666666,-0.38196620,-0.14826984,1
469,43.92553806,39.31130270,100.00000000,46900.00000000,6.00000000,7.00000000,0,-0.66666667,-0.66666667,-0.38196621,-0.96330952,1
470,43.92475336,39.31191268,100.00000000,47000.00000000,8.00000000,6.66666667,0,-0.33333333,-0.33333333,-0.19098522,0.15003175,1
471,43.92397150,39.31252963,100.00000000,47100.00000000,8.00000000,7.33333333,0,0.66666666,0.66666666,0.38196620,-0.08552778,1
472,43.92318913,39.31314534,100.00000000,47200.00000000,4.00000000,6.66666667,0,-0.66666666,-0.66666666,-0.38196620,0.87836508,1
473,43.92240966,39.31376785,100.00000000,47300.00000000,5.00000000,5.66666667,0,-1.00000000,-1.00000000,-0.57293870,-0.04048413,1
474,43.92164328,39.31442116,100.00000000,47400.00000000,6.00000000,5.00000000,0,-0.66666667,-0.66666667,-0.38196621,0.29024603,1
475,43.92085130,39.31501097,100.00000000,47500.00000000,8.00000000,6.33333333,0,1.33333333,1.33333333,0.76389846,0.51703968,1
476,43.92007987,39.31565153,100.00000000,47600.00000000,8.00000000,7.33333333,0,1.00000000,1.00000000,0.57293870,-0.65891931,1
477,43.91938571,39.31644322,100.00000000,47700.00000000,7.00000000,7.66666667,0,0.33333334,0.33333334,0.19098523,0.72560450,1
478,43.91867774,39.31720991,100.00000000,47800.00000000,8.00000000,7.66666667,0,0.00000000,0.00000000,0.00000000,0.53481746,1
479,43.91791685,39.31787419,100.00000000,47900.00000000,8.00000000,7.66666667,0,0.00000000,0.00000000,0.00000000,0.48402249,1
480,43.91721215,39.31864974,100.00000000,48000.00000000,7.00000000,7.66666667,0,0.00000000,0.00000000,0.00000000,0.31697619,1
481,43.91651841,39.31944376,100.00000000,48100.00000000,,7.52222222,1,-0.14444445,-0.14444445,-0.08276051,-0.27500529,1
482,43.91588009,39.32032166,100.00000000,48200.00000000,,7.42777778,1,-0.09444444,-0.09444444,-0.05411266,0.57251058,1
483,43.91527678,39.32124705,100.00000000,48300.00000000,,7.35555556,1,-0.07222222,-0.07222222,-0.04138028,0.60862169,1
484,43.91467966,39.32218057,100.00000000,48400.00000000,,7.27777778,1,-0.07777778,-0.07777778,-0.04456338,0.64867725,1
485,43.91408302,39.32311463,100.00000000,48500.00000000,,7.18888889,1,-0.08888889,-0.08888889,-0.05092957,0.64867725,1
486,43.91347677,39.32403665,100.00000000,48600.00000000,,7.07222222,1,-0.11666667,-0.11666667,-0.06684505,0.85316667,1
487,43.91279003,39.32483378,100.00000000,48700.00000000,6.00000000,7.00000000,0,-0.07222222,-0.07222222,-0.04138028,0.85316667,1
488,43.91208413,39.32559206,100.00000000,48800.00000000,9.00000000,7.66666667,0,0.66666667,0.66666667,0.38196621,0.53397222,1
489,43.91149525,39.32653501,100.00000000,48900.00000000,7.00000000,7.33333333,0,-0.33333334,-0.33333334,-0.19098523,0.54475000,1
490,43.91089128,39.32745981,100.00000000,49000.00000000,12.00000000,9.33333333,0,2.00000000,2.00000000,1.14576284,-0.62331349,1
491,43.91027531,39.32836931,100.00000000,49100.00000000,10.00000000,9.66666667,0,0.33333334,0.33333334,0.19098523,0.03052381,1
492,43.90967098,39.32929373,100.00000000,49200.00000000,12.00000000,11.33333333,0,1.66666666,1.66666666,0.95484125,-0.44063492,1
493,43.90906181,39.33021204,100.00000000,49300.00000000,11.00000000,11.00000000,0,-0.33333333,-0.33333333,-0.19098522,-0.47484921,1
494,43.90845409,39.33113217,100.00000000,49400.00000000,13.00000000,12.00000000,0,1.00000000,1.00000000,0.57293870,-0.23453836,1
495,43.90784650,39.33205247,100.00000000,49500.00000000,9.00000000,11.00000000,0,-1.00000000,-1.00000000,-0.57293870,0.28502778,1
496,43.90723683,39.33297009,100.00000000,49600.00000000,8.00000000,10.00000000,0,-1.00000000,-1.00000000,-0.57293870,0.37910317,1
497,43.90662038,39.33387895,100.00000000,49700.00000000,11.00000000,9.33333333,0,-0.66666667,-0.66666667,-0.38196621,0.23168518,1
498,43.90601740,39.33480432,100.00000000,49800.00000000,9.00000000,9.33333333,0,0.00000000,0.00000000,0.00000000,1.22430952,1
499,43.90564891,39.33592525,100.00000000,49900.00000000,10.00000000,10.00000000,0,0.66666667,0.66666667,0.38196621,0.28834920,1
500,43.90533975,39.33708900,100.00000000,50000.00000000,9.00000000,9.33333333,0,-0.66666667,-0.66666667,-0.38196621,-0.75013492,1
501,43.90467809,39.33790597,100.00000000,50100.00000000,10.00000000,9.66666667,0,0.33333334,0.33333334,0.19098523,0.31346825,1
502,43.90388414,39.33849091,100.00000000,50200.00000000,8.00000000,9.00000000,0,-0.66666667,-0.66666667,-0.38196621,2.40339682,1
503,43.90309213,39.33908220,100.00000000,50300.00000000,6.00000000,8.00000000,0,-1.00000000,-1.00000000,-0.57293870,2.11582143,1
504,43.90232518,39.33972636,100.00000000,50400.00000000,10.00000000,8.00000000,0,0.00000000,0.00000000,0.00000000,1.26826190,1
505,43.90165996,39.34056577,100.00000000,50500.00000000,21.00000000,12.33333333,0,4.33333333,4.33333333,2.48126480,-0.09368254,1
506,43.90101965,39.34144204,100.00000000,50600.00000000,17.00000000,16.00000000,0,3.66666667,3.66666667,2.09990452,-2.14164683,1
507,43.90039234,39.34233638,100.00000000,50700.00000000,13.00000000,17.00000000,0,1.00000000,1.00000000,0.57293870,0.42593254,1
508,43.89976411,39.34322941,100.00000000,50800.00000000,12.00000000,14.00000000,0,-3.00000000,-3.00000000,-1.71835800,1.36813757,1
509,43.89912572,39.34410849,100.00000000,50900.00000000,8.00000000,11.00000000,0,-3.00000000,-3.00000000,-1.71835800,0.52366270,1
510,43.89847951,39.34497618,100.00000000,51000.00000000,17.00000000,12.33333333,0,1.33333333,1.33333333,0.76389846,-1.13336111,1
511,43.89781599,39.34581865,100.00000000,51100.00000000,17.00000000,14.00000000,0,1.66666667,1.66666667,0.95484126,-0.21989683,1
512,43.89714252,39.34664554,100.00000000,51200.00000000,9.00000000,14.33333333,0,0.33333333,0.33333333,0.19098522,1.02857672,1
513,43.89664216,39.34765299,100.00000000,51300.00000000,,17.19166666,1,2.85833333,2.85833333,1.63725858,1.61126984,1
514,43.89637937,39.34884398,100.00000000,51400.00000000,,19.91388889,1,2.72222222,2.72222222,1.55933334,-0.07626984,1
515,43.89578491,39.34975756,100.00000000,51500.00000000,,21.81944444,1,1.90555556,1.90555556,1.09167079,-2.56801719,1
516,43.89509609,39.35055599,100.00000000,51600.00000000,,24.13333333,1,2.31388889,2.31388889,1.32552414,-3.24425000,1
517,43.89469151,39.35166380,100.00000000,51700.00000000,,27.12777778,1,2.99444445,2.99444445,1.71517776,-1.92823425,1
518,43.89406460,39.35255306,100.00000000,51800.00000000,,29.03333334,1,1.90555556,1.90555556,1.09167079,-3.88144577,1
519,43.89337562,39.35335514,100.00000000,51900.00000000,21.00000000,30.66666667,0,1.63333333,1.63333333,0.93574786,-4.23964430,1
520,43.89268757,39.35415874,100.00000000,52000.00000000,26.00000000,24.00000000,0,-6.66666667,-6.66666667,-3.81407484,0.93417460,1
521,43.89199678,39.35495780,100.00000000,52100.00000000,28.00000000,25.00000000,0,1.00000000,1.00000000,0.57293870,-1.49522222,1
522,43.89132087,39.35577886,100.00000000,52200.00000000,38.00000000,30.66666667,0,5.66666667,5.66666667,3.24329228,-1.73061111,1
523,43.89073818,39.35672735,100.00000000,52300.00000000,33.00000000,33.00000000,0,2.33333333,2.33333333,1.33665898,3.98999206,1
524,43.89019169,39.35771839,100.00000000,52400.00000000,46.00000000,39.00000000,0,6.00000000,6.00000000,3.43363036,-0.88300000,1
525,43.88961537,39.35867538,100.00000000,52500.00000000,36.00000000,38.33333333,0,-0.66666667,-0.66666667,-0.38196621,6.29453968,1
526,43.88895148,39.35951649,100.00000000,52600.00000000,48.00000000,43.33333333,0,5.00000000,5.00000000,2.86240523,4.38491270,1
527,43.88831926,39.36040148,100.00000000,52700.00000000,49.00000000,44.33333333,0,1.00000000,1.00000000,0.57293870,8.17734656,1
528,43.88762724,39.36118321,100.00000000,52800.00000000,64.00000000,53.66666667,0,9.33333334,9.33333334,5.33215889,-0.68050000,1
529,43.88715637,39.36217494,100.00000000,52900.00000000,72.00000000,61.66666667,0,8.00000000,8.00000000,4.57392126,-4.03739683,1
530,43.88696275,39.36338496,100.00000000,53000.00000000,92.00000000,76.00000000,0,14.33333333,14.33333333,8.15683860,-9.52828307,1
531,43.88636728,39.36430719,100.00000000,53100.00000000,73.00000000,79.00000000,0,3.00000000,3.00000000,1.71835800,-2.72696825,1
532,43.88549325,39.36447669,100.00000000,53200.00000000,58.00000000,74.33333333,0,-4.66666667,-4.66666667,-2.67186460,1.32154762,1
533,43.88485881,39.36533575,100.00000000,53300.00000000,54.00000000,61.66666667,0,-12.66666666,-12.66666666,-7.21902082,1.17292196,1
534,43.88399839,39.36564034,100.00000000,53400.00000000,40.00000000,50.66666667,0,-11.00000000,-11.00000000,-6.27729849,7.03760714,1
535,43.88366453,39.36668426,100.00000000,53500.00000000,64.00000000,52.66666667,0,2.00000000,2.00000000,1.14576284,-4.02439683,1
536,43.88387718,39.36789475,100.00000000,53600.00000000,59.00000000,54.33333333,0,1.66666666,1.66666666,0.95484125,-2.59011905,1
537,43.88425813,39.36901757,100.00000000,53700.00000000,83.00000000,68.66666667,0,14.33333334,14.33333334,8.15683860,-11.78387434,1
538,43.88472531,39.37008258,100.00000000,53800.00000000,43.00000000,61.66666667,0,-7.00000000,-7.00000000,-4.00417294,-5.74156878,1
539,43.88515192,39.37118058,100.00000000,53900.00000000,38.00000000,54.66666667,0,-7.00000000,-7.00000000,-4.00417294,-5.16594577,1
540,43.88533057,39.37235260,100.00000000,54000.00000000,,56.01111111,1,1.34444444,1.34444444,0.77026352,-4.13765476,1
541,43.88519125,39.37358531,100.00000000,54100.00000000,,53.97777778,1,-2.03333333,-2.03333333,-1.16485367,-0.87936111,1
542,43.88507475,39.37482232,100.00000000,54200.00000000,,53.64444445,1,-0.33333333,-0.33333333,-0.19098522,-0.06503175,1
543,43.88495851,39.37605957,100.00000000,54300.00000000,,53.03333333,1,-0.61111111,-0.61111111,-0.35013652,-0.89933730,1
544,43.88469117,39.37724229,100.00000000,54400.00000000,,52.95000000,1,-0.08333333,-0.08333333,-0.04774647,-1.27280952,1
545,43.88463087,39.37848720,100.00000000,54500.00000000,,51.75555555,1,-1.19444445,-1.19444445,-0.68433371,0.62199603,1
546,43.88456516,39.37973159,100.00000000,54600.00000000,58.00000000,49.33333333,0,-2.42222222,-2.42222222,-1.38755978,-1.69493783,1
547,43.88432568,39.38092349,100.00000000,54700.00000000,58.00000000,58.66666667,0,9.33333334,9.33333334,5.33215889,-3.66040609,1
548,43.88406029,39.38211209,100.00000000,54800.00000000,52.00000000,56.00000000,0,-2.66666667,-2.66666667,-1.52752544,-3.98586508,1
549,43.88421619,39.38333455,100.00000000,54900.00000000,104.00000000,71.33333333,0,15.33333333,15.33333333,8.71745696,-8.38769841,1
550,43.88407120,39.38451251,100.00000000,55000.00000000,61.00000000,72.33333333,0,1.00000000,1.00000000,0.57293870,-1.24911508,1
551,43.88366064,39.38560868,100.00000000,55100.00000000,73.00000000,79.33333333,0,7.00000000,7.00000000,4.00417294,-0.08680159,1
552,43.88383228,39.38682644,100.00000000,55200.00000000,79.00000000,71.00000000,0,-8.33333333,-8.33333333,-4.76364169,0.34309788,1
553,43.88425072,39.38792818,100.00000000,55300.00000000,101.00000000,84.33333333,0,13.33333333,13.33333333,7.59464337,-4.09898413,1
554,43.88449568,39.38908582,100.00000000,55400.00000000,94.00000000,91.33333333,0,7.00000000,7.00000000,4.00417294,1.05445238,1
555,43.88421868,39.39027293,100.00000000,55500.00000000,98.00000000,97.66666667,0,6.33333334,6.33333334,3.62389260,2.47105291,1
556,43.88401999,39.39147199,100.00000000,55600.00000000,91.00000000,94.33333333,0,-3.33333334,-3.33333334,-1.90915244,-0.52476984,1
557,43.88432774,39.39264431,100.00000000,55700.00000000,108.00000000,99.00000000,0,4.66666667,4.66666667,2.67186460,-3.68809921,1
558,43.88450319,39.39385743,100.00000000,55800.00000000,108.00000000,102.33333333,0,3.33333333,3.33333333,1.90915243,-3.41221825,1
559,43.88478453,39.39502647,100.00000000,55900.00000000,89.00000000,101.66666667,0,-0.66666666,-0.66666666,-0.38196620,1.37836772,1
560,43.88470180,39.39610860,100.00000000,56000.00000000,89.00000000,95.33333333,0,-6.33333334,-6.33333334,-3.62389260,5.84569048,1
561,43.88382827,39.39605068,100.00000000,56100.00000000,89.00000000,89.00000000,0,-6.33333333,-6.33333333,-3.62389259,3.28889550,1
562,43.88300846,39.39638970,100.00000000,56200.00000000,95.00000000,91.00000000,0,2.00000000,2.00000000,1.14576284,1.49512698,1
563,43.88264035,39.39751837,100.00000000,56300.00000000,119.00000000,101.00000000,0,10.00000000,10.00000000,5.71059314,-1.55180423,1
564,43.88235633,39.39869774,100.00000000,56400.00000000,123.00000000,112.33333333,0,11.33333333,11.33333333,6.46593210,-0.45337963,1
565,43.88149504,39.39858997,100.00000000,56500.00000000,114.00000000,118.66666667,0,6.33333334,6.33333334,3.62389260,4.21921164,1
566,43.88063408,39.39881020,100.00000000,56600.00000000,117.00000000,118.00000000,0,-0.66666667,-0.66666667,-0.38196621,2.62880952,1
567,43.87981077,39.39931222,100.00000000,56700.00000000,126.00000000,119.00000000,0,1.00000000,1.00000000,0.57293870,1.17839682,1
568,43.87904264,39.39995852,100.00000000,56800.00000000,131.00000000,124.66666667,0,5.66666667,5.66666667,3.24329228,1.44983862,1
569,43.87829573,39.40065342,100.00000000,56900.00000000,140.00000000,132.33333333,0,7.66666666,7.66666666,4.38410026,-3.39902910,1
570,43.87749823,39.40122587,100.00000000,57000.00000000,139.00000000,136.66666667,0,4.33333334,4.33333334,2.48126481,-2.99536111,1
571,43.87666911,39.40130380,100.00000000,57100.00000000,135.00000000,138.00000000,0,1.33333333,1.33333333,0.76389846,-1.43016667,1
572,43.87597664,39.40052984,100.00000000,57200.00000000,123.00000000,132.33333333,0,-5.66666667,-5.66666667,-3.24329228,-7.70380952,1
573,43.87511976,39.40015113,100.00000000,57300.00000000,121.00000000,126.33333333,0,-6.00000000,-6.00000000,-3.43363036,-7.37825794,1
574,43.87427641,39.40044834,100.00000000,57400.00000000,,127.35277777,1,1.01944444,1.01944444,0.58407841,-2.31425794,1
575,43.87373750,39.39947595,100.00000000,57500.00000000,,118.09722222,1,-9.25555555,-9.25555555,-5.28797717,-3.56706049,1
576,43.87358586,39.39828335,100.00000000,57600.00000000,,108.81944444,1,-9.27777778,-9.27777778,-5.30060116,-0.16772222,1
577,43.87296954,39.39739927,100.00000000,57700.00000000,,97.51111111,1,-11.30833334,-11.30833334,-6.45178941,3.30369841,1
578,43.87213525,39.39697390,100.00000000,57800.00000000,,95.99166666,1,-1.51944444,-1.51944444,-0.87051055,0.53726984,1
579,43.87124121,39.39698969,100.00000000,57900.00000000,,94.35833333,1,-1.63333333,-1.63333333,-0.93574786,-1.45674603,1
580,43.87042337,39.39748795,100.00000000,58000.00000000,106.00000000,92.33333333,0,-2.02500000,-2.02500000,-1.16008098,0.35696825,1
581,43.87024674,39.39857175,100.00000000,58100.00000000,128.00000000,106.00000000,0,13.66666667,13.66666667,7.78221073,-7.75140344,1
582,43.86951005,39.39882098,100.00000000,58200.00000000,105.00000000,113.00000000,0,7.00000000,7.00000000,4.00417294,-3.66771825,1
583,43.86862527,39.39899333,100.00000000,58300.00000000,105.00000000,112.66666667,0,-0.33333333,-0.33333333,-0.19098522,2.73677381,1
584,43.86800505,39.39985104,100.00000000,58400.00000000,113.00000000,107.66666667,0,-5.00000000,-5.00000000,-2.86240523,4.02347619,1
585,43.86814590,39.40104979,100.00000000,58500.00000000,138.00000000,118.66666667,0,11.00000000,11.00000000,6.27729849,-4.00885053,1
586,43.86779154,39.40217336,100.00000000,58600.00000000,148.00000000,133.00000000,0,14.33333333,14.33333333,8.15683860,-3.77799206,1
587,43.86716590,39.40306330,100.00000000,58700.00000000,139.00000000,141.66666667,0,8.66666667,8.66666667,4.95325748,3.21004497,1
588,43.86649412,39.40389186,100.00000000,58800.00000000,130.00000000,139.00000000,0,-2.66666667,-2.66666667,-1.52752544,1.40386111,1
589,43.86567006,39.40430633,100.00000000,58900.00000000,141.00000000,136.66666667,0,-2.33333333,-2.33333333,-1.33665898,-2.21169048,1
590,43.86501865,39.40515898,100.00000000,59000.00000000,159.00000000,143.33333333,0,6.66666666,6.66666666,3.81407483,-5.97995238,1
591,43.86412690,39.40527036,100.00000000,59100.00000000,139.00000000,146.33333333,0,3.00000000,3.00000000,1.71835800,-0.80260714,1
592,43.86322859,39.40526881,100.00000000,59200.00000000,133.00000000,143.66666667,0,-2.66666666,-2.66666666,-1.52752544,-0.42554497,1
593,43.86241702,39.40474073,100.00000000,59300.00000000,128.00000000,133.33333333,0,-10.33333334,-10.33333334,-5.89962505,-1.83105002,1
594,43.86157660,39.40429942,100.00000000,59400.00000000,139.00000000,133.33333333,0,0.00000000,0.00000000,0.00000000,-2.87171429,1
595,43.86091792,39.40346081,100.00000000,59500.00000000,129.00000000,132.00000000,0,-1.33333333,-1.33333333,-0.76389846,-3.20775758,1
596,43.86013385,39.40295424,100.00000000,59600.00000000,121.00000000,129.66666667,0,-2.33333333,-2.33333333,-1.33665898,-2.77592460,1
597,43.85976786,39.40400411,100.00000000,59700.00000000,133.00000000,127.66666667,0,-2.00000000,-2.00000000,-1.14576284,-7.54332937,1
598,43.85911289,39.40465507,100.00000000,59800.00000000,116.00000000,123.33333333,0,-4.33333334,-4.33333334,-2.48126481,-3.34098918,1
599,43.85879565,39.40351479,100.00000000,59900.00000000,108.00000000,119.00000000,0,-4.33333333,-4.33333333,-2.48126480,-3.08692063,1
600,43.85837593,39.40242678,100.00000000,60000.00000000,92.00000000,105.33333333,0,-13.66666667,-13.66666667,-7.78221073,-1.18679365,1
601,43.85760873,39.40255629,100.00000000,60100.00000000,108.00000000,102.66666667,0,-2.66666666,-2.66666666,-1.52752544,-4.18999603,1
602,43.85684047,39.40320457,100.00000000,60200.00000000,95.00000000,98.33333333,0,-4.33333334,-4.33333334,-2.48126481,-3.28605556,1
603,43.85607109,39.40385034,100.00000000,60300.00000000,90.00000000,97.66666667,0,-0.66666666,-0.66666666,-0.38196620,-0.31766667,1
604,43.85529788,39.40448709,100.00000000,60400.00000000,84.00000000,89.66666667,0,-8.00000000,-8.00000000,-4.57392126,-4.81325132,1
605,43.85451838,39.40510908,100.00000000,60500.00000000,81.00000000,85.00000000,0,-4.66666667,-4.66666667,-2.67186460,-7.03320370,1
606,43.85465985,39.40607249,100.00000000,60600.00000000,87.00000000,84.00000000,0,-1.00000000,-1.00000000,-0.57293870,-9.92682937,1
607,43.85498733,39.40711945,100.00000000,60700.00000000,,80.88055556,1,-3.11944444,-3.11944444,-1.78673061,-2.68015212,1
608,43.85414630,39.40690055,100.00000000,60800.00000000,,78.71944444,1,-2.16111111,-2.16111111,-1.23803274,-3.89674471,1
609,43.85330091,39.40647515,100.00000000,60900.00000000,,76.77777778,1,-1.94166667,-1.94166667,-1.11235328,-3.70960185,1
610,43.85246919,39.40603146,100.00000000,61000.00000000,,72.92222222,1,-3.85555556,-3.85555556,-2.20797697,-2.93622222,1
611,43.85167352,39.40645665,100.00000000,61100.00000000,,64.97222222,1,-7.95000000,-7.95000000,-4.54545442,-3.92724868,1
612,43.85207035,39.40741628,100.00000000,61200.00000000,,62.35277778,1,-2.61944444,-2.61944444,-1.50048799,-5.62539418,1
613,43.85273738,39.40816789,100.00000000,61300.00000000,83.00000000,65.00000000,0,2.64722222,2.64722222,1.51639246,-3.03705159,1
614,43.85341614,39.40886363,100.00000000,61400.00000000,68.00000000,71.33333333,0,6.33333333,6.33333333,3.62389259,-0.71798016,1
615,43.85429096,39.40908378,100.00000000,61500.00000000,76.00000000,75.66666667,0,4.33333334,4.33333334,2.48126481,0.17434656,1
616,43.85414244,39.41017365,100.00000000,61600.00000000,18.00000000,54.00000000,0,-21.66666667,-21.66666667,-12.22512268,-1.25487831,1
617,43.85364339,39.41119678,100.00000000,61700.00000000,17.00000000,37.00000000,0,-17.00000000,-17.00000000,-9.64804532,-0.42448016,1
618,43.85278031,39.41104099,100.00000000,61800.00000000,19.00000000,18.00000000,0,-19.00000000,-19.00000000,-10.75796709,3.40128572,1
619,43.85189907,39.41079248,100.00000000,61900.00000000,13.00000000,16.33333333,0,-1.66666667,-1.66666667,-0.95484126,5.56251587,1
620,43.85103659,39.41045236,100.00000000,62000.00000000,13.00000000,15.00000000,0,-1.33333333,-1.33333333,-0.76389846,4.25487302,1
621,43.85024959,39.40985732,100.00000000,62100.00000000,9.00000000,11.66666667,0,-3.33333333,-3.33333333,-1.90915243,6.43205688,1
622,43.84939463,39.40947115,100.00000000,62200.00000000,23.00000000,15.00000000,0,3.33333333,3.33333333,1.90915243,5.26192064,1
623,43.84850619,39.40943208,100.00000000,62300.00000000,34.00000000,22.00000000,0,7.00000000,7.00000000,4.00417294,2.07580688,1
624,43.84768770,39.40991640,100.00000000,62400.00000000,36.00000000,31.00000000,0,9.00000000,9.00000000,5.14276456,1.04927237,1
625,43.84691901,39.41056136,100.00000000,62500.00000000,46.00000000,38.66666667,0,7.66666667,7.66666667,4.38410026,-1.00728571,1
626,43.84650879,39.41164649,100.00000000,62600.00000000,46.00000000,42.66666667,0,4.00000000,4.00000000,2.29061004,4.61731349,1
627,43.84582201,39.41231889,100.00000000,62700.00000000,41.00000000,44.33333333,0,1.66666666,1.66666666,0.95484125,7.71706349,1
628,43.84492454,39.41238259,100.00000000,62800.00000000,42.00000000,43.00000000,0,-1.33333333,-1.33333333,-0.76389846,7.73480159,1
629,43.84416748,39.41297895,100.00000000,62900.00000000,69.00000000,50.66666667,0,7.66666667,7.66666667,4.38410026,-0.43653968,1
630,43.84339907,39.41359763,100.00000000,63000.00000000,83.00000000,64.66666667,0,14.00000000,14.00000000,7.96961039,-5.61213624,1
631,43.84259380,39.41414957,100.00000000,63100.00000000,90.00000000,80.66666667,0,16.00000000,16.00000000,9.09027692,1.59651587,1
632,43.84229222,39.41511243,100.00000000,63200.00000000,64.00000000,79.00000000,0,-1.66666667,-1.66666667,-0.95484126,0.61811905,1
633,43.84303083,39.41582302,100.00000000,63300.00000000,68.00000000,74.00000000,0,-5.00000000,-5.00000000,-2.86240523,-6.20995238,1
634,43.84377811,39.41650996,100.00000000,63400.00000000,102.00000000,78.00000000,0,4.00000000,4.00000000,2.29061004,-10.30269841,1
635,43.84348202,39.41735697,100.00000000,63500.00000000,,72.91111111,1,-5.08888889,-5.08888889,-2.91320554,-3.69606349,1
636,43.84262545,39.41701741,100.00000000,63600.00000000,,73.42500000,1,0.51388889,0.51388889,0.29443405,1.04223809,1
637,43.84185833,39.41721353,100.00000000,63700.00000000,,68.88888889,1,-4.53611111,-4.53611111,-2.59721982,-2.27282504,1
638,43.84130495,39.41664305,100.00000000,63800.00000000,,69.57500000,1,0.68611111,0.68611111,0.39310654,0.47853571,1
639,43.84050307,39.41612581,100.00000000,63900.00000000,,65.93333334,1,-3.64166667,-3.64166667,-2.08559967,2.09715079,1
640,43.83969724,39.41658807,100.00000000,64000.00000000,,61.29166667,1,-4.64166667,-4.64166667,-2.65757161,-2.43543386,1
641,43.83891303,39.41717211,100.00000000,64100.00000000,54.00000000,53.66666667,0,-7.62500000,-7.62500000,-4.36036577,-2.82969048,1
642,43.83815089,39.41773820,100.00000000,64200.00000000,64.00000000,56.33333333,0,2.66666666,2.66666666,1.52752544,-3.23705159,1
643,43.83830036,39.41894601,100.00000000,64300.00000000,72.00000000,63.33333333,0,7.00000000,7.00000000,4.00417294,-0.98596825,1
644,43.83881788,39.41996512,100.00000000,64400.00000000,109.00000000,81.66666667,0,18.33333334,18.33333334,10.38885782,-9.76029762,1
645,43.83908956,39.42114189,100.00000000,64500.00000000,58.00000000,79.66666667,0,-2.00000000,-2.00000000,-1.14576284,-0.01217063,1
646,43.83843289,39.42178078,100.00000000,64600.00000000,52.00000000,73.00000000,0,-6.66666667,-6.66666667,-3.81407484,-3.07657936,1
647,43.83772854,39.42142798,100.00000000,64700.00000000,47.00000000,52.33333333,0,-20.66666667,-20.66666667,-11.67673783,1.67063889,1
648,43.83755332,39.42031036,100.00000000,64800.00000000,39.00000000,46.00000000,0,-6.33333333,-6.33333333,-3.62389259,5.34538492,1
649,43.83679931,39.41964688,100.00000000,64900.00000000,36.00000000,40.66666667,0,-5.33333333,-5.33333333,-3.05288251,7.64976190,1
650,43.83597490,39.41928843,100.00000000,65000.00000000,59.00000000,44.66666667,0,4.00000000,4.00000000,2.29061004,4.07532143,1
651,43.83508590,39.41947443,100.00000000,65100.00000000,69.00000000,54.66666667,0,10.00000000,10.00000000,5.71059314,2.53490476,1
652,43.83420962,39.41974539,100.00000000,65200.00000000,70.00000000,66.00000000,0,11.33333333,11.33333333,6.46593210,0.12850313,1
653,43.83340410,39.42028600,100.00000000,65300.00000000,80.00000000,73.00000000,0,7.00000000,7.00000000,4.00417294,-1.79234656,1
654,43.83269542,39.42104806,100.00000000,65400.00000000,83.00000000,77.66666667,0,4.66666667,4.66666667,2.67186460,-2.05171032,1
655,43.83211388,39.42199745,100.00000000,65500.00000000,76.00000000,79.66666667,0,2.00000000,2.00000000,1.14576284,-6.89624206,1
656,43.83155275,39.42297168,100.00000000,65600.00000000,63.00000000,74.00000000,0,-5.66666667,-5.66666667,-3.24329228,-11.14948810,1
657,43.83099038,39.42394452,100.00000000,65700.00000000,74.00000000,71.00000000,0,-3.00000000,-3.00000000,-1.71835800,-10.76276984,1
658,43.83042787,39.42491720,100.00000000,65800.00000000,22.00000000,53.00000000,0,-18.00000000,-18.00000000,-10.20397372,4.79730159,1
659,43.82986526,39.42588976,100.00000000,65900.00000000,0.00000000,32.00000000,0,-21.00000000,-21.00000000,-11.85977912,11.15055556,1
660,43.82930266,39.42686231,100.00000000,66000.00000000,2.00000000,8.00000000,0,-24.00000000,-24.00000000,-13.49573328,13.60430952,1
661,43.82874005,39.42783487,100.00000000,66100.00000000,46.00000000,16.00000000,0,8.00000000,8.00000000,4.57392126,8.87267064,1
662,43.82816451,39.42879244,100.00000000,66200.00000000,,35.33055556,1,19.33055556,19.33055556,10.94065120,-0.61011905,1
663,43.82750973,39.42964326,100.00000000,66300.00000000,,49.79722222,1,14.46666667,14.46666667,8.23168103,-2.04791667,1
664,43.82691191,39.43056454,100.00000000,66400.00000000,,62.76944445,1,12.97222222,12.97222222,7.39126058,1.25196825,1
665,43.82630685,39.43147397,100.00000000,66500.00000000,,73.77500000,1,11.00555556,11.00555556,6.28044351,1.12735185,1
666,43.82562622,39.43228269,100.00000000,66600.00000000,,80.66111111,1,6.88611111,6.88611111,3.93923247,4.20824206,1
667,43.82536202,39.43332492,100.00000000,66700.00000000,,90.46944445,1,9.80833333,9.80833333,5.60184302,2.81820106,1
668,43.82602916,39.43415812,100.00000000,66800.00000000,98.00000000,94.66666667,0,4.19722222,4.19722222,2.40342051,4.60788095,1
669,43.82624959,39.43483474,100.00000000,66900.00000000,98.00000000,99.66666667,0,5.00000000,5.00000000,2.86240523,2.15526984,1
670,43.82535140,39.43481652,100.00000000,67000.00000000,77.00000000,91.00000000,0,-8.66666667,-8.66666667,-4.95325748,0.36765344,1
671,43.82459931,39.43507854,100.00000000,67100.00000000,74.00000000,83.00000000,0,-8.00000000,-8.00000000,-4.57392126,-0.06689021,1
672,43.82517985,39.43601044,100.00000000,67200.00000000,109.00000000,86.66666667,0,3.66666667,3.66666667,2.09990452,-8.32788889,1
673,43.82571190,39.43700745,100.00000000,67300.00000000,92.00000000,91.66666667,0,5.00000000,5.00000000,2.86240523,-5.51223016,1
674,43.82625419,39.43798923,100.00000000,67400.00000000,101.00000000,100.66666667,0,9.00000000,9.00000000,5.14276456,-7.95766270,1
675,43.82572998,39.43866203,100.00000000,67500.00000000,58.00000000,83.66666667,0,-17.00000000,-17.00000000,-9.64804532,-2.71724339,1
676,43.82506637,39.43790688,100.00000000,67600.00000000,64.00000000,74.33333333,0,-9.33333334,-9.33333334,-5.33215889,-3.43795370,1
677,43.82428745,39.43735498,100.00000000,67700.00000000,52.00000000,58.00000000,0,-16.33333333,-16.33333333,-9.27639821,1.55113044,1
678,43.82342805,39.43701181,100.00000000,67800.00000000,57.00000000,57.66666667,0,-0.33333333,-0.33333333,-0.19098522,2.69454762,1
679,43.82277419,39.43616991,100.00000000,67900.00000000,48.00000000,52.33333333,0,-5.33333334,-5.33333334,-3.05288252,10.46452249,1
680,43.82191258,39.43609440,100.00000000,68000.00000000,61.00000000,55.33333333,0,3.00000000,3.00000000,1.71835800,6.09222355,1
681,43.82162028,39.43709319,100.00000000,68100.00000000,73.00000000,60.66666667,0,5.33333334,5.33333334,3.05288252,-2.94064286,1
682,43.82193527,39.43825925,100.00000000,68200.00000000,111.00000000,81.66666667,0,21.00000000,21.00000000,11.85977912,-12.24381746,1
683,43.82186784,39.43940116,100.00000000,68300.00000000,96.00000000,93.33333333,0,11.66666666,11.66666666,6.65442504,-4.78510318,1
684,43.82124478,39.43859887,100.00000000,68400.00000000,60.00000000,89.00000000,0,-4.33333333,-4.33333333,-2.48126480,0.62267460,1
685,43.82059506,39.43775822,100.00000000,68500.00000000,57.00000000,71.00000000,0,-18.00000000,-18.00000000,-10.20397372,0.03198413,1
686,43.81980859,39.43822727,100.00000000,68600.00000000,54.00000000,57.00000000,0,-14.00000000,-14.00000000,-7.96961039,6.10259127,1
687,43.81906542,39.43892638,100.00000000,68700.00000000,54.00000000,55.00000000,0,-2.00000000,-2.00000000,-1.14576284,3.62380769,1
688,43.81830736,39.43959613,100.00000000,68800.00000000,56.00000000,54.66666667,0,-0.33333333,-0.33333333,-0.19098522,1.84619658,1
689,43.81756434,39.44029818,100.00000000,68900.00000000,81.00000000,63.66666667,0,9.00000000,9.00000000,5.14276456,-3.68312963,1
690,43.81679347,39.44093815,100.00000000,69000.00000000,65.00000000,67.33333333,0,3.66666666,3.66666666,2.09990451,1.43157804,1
691,43.81601009,39.44154833,100.00000000,69100.00000000,62.00000000,69.33333333,0,2.00000000,2.00000000,1.14576284,9.08855952,1
692,43.81515394,39.44185371,100.00000000,69200.00000000,66.00000000,64.33333333,0,-5.00000000,-5.00000000,-2.86240523,1.47278968,1
693,43.81474613,39.44275853,100.00000000,69300.00000000,63.00000000,63.66666667,0,-0.66666666,-0.66666666,-0.38196620,4.87589286,1
694,43.81527761,39.44376072,100.00000000,69400.00000000,,58.28888889,1,-5.37777778,-5.37777778,-3.07827448,-1.58386905,1
695,43.81578074,39.44478975,100.00000000,69500.00000000,,50.81111111,1,-7.47777778,-7.47777778,-4.27649194,-3.52870635,1
696,43.81629339,39.44575810,100.00000000,69600.00000000,,46.97222222,1,-3.83888889,-3.83888889,-2.19844178,-3.53441667,1
697,43.81701514,39.44646405,100.00000000,69700.00000000,,41.65277778,1,-5.31944444,-5.31944444,-3.04494728,-2.18707540,1
698,43.81772780,39.44703879,100.00000000,69800.00000000,,35.18055556,1,-6.47222222,-6.47222222,-3.70314515,-3.40254762,1
699,43.81719623,39.44793444,100.00000000,69900.00000000,,35.30000000,1,0.11944444,0.11944444,0.06843659,-5.49875397,1
700,43.81639493,39.44738795,100.00000000,70000.00000000,28.00000000,30.00000000,0,-5.30000000,-5.30000000,-3.03383776,-2.32141667,1
701,43.81551078,39.44716300,100.00000000,70100.00000000,23.00000000,24.00000000,0,-6.00000000,-6.00000000,-3.43363036,-4.88917857,1
702,43.81462275,39.44700115,100.00000000,70200.00000000,32.00000000,27.66666667,0,3.66666667,3.66666667,2.09990452,-2.51734524,1
703,43.81372461,39.44694772,100.00000000,70300.00000000,49.00000000,34.66666667,0,7.00000000,7.00000000,4.00417294,0.05561111,1
704,43.81377803,39.44607889,100.00000000,70400.00000000,48.00000000,43.00000000,0,8.33333333,8.33333333,4.76364169,5.10604365,1
705,43.81349307,39.44506982,100.00000000,70500.00000000,43.00000000,46.66666667,0,3.66666667,3.66666667,2.09990452,2.44400397,1
706,43.81262258,39.44482720,100.00000000,70600.00000000,49.00000000,46.66666667,0,0.00000000,0.00000000,0.00000000,7.42101587,1
707,43.81185227,39.44541119,100.00000000,70700.00000000,78.00000000,56.66666667,0,10.00000000,10.00000000,5.71059314,-5.66058201,1
708,43.81102434,39.44577839,100.00000000,70800.00000000,57.00000000,61.33333333,0,4.66666666,4.66666666,2.67186459,0.39035450,1
709,43.81014659,39.44594189,100.00000000,70900.00000000,85.00000000,73.33333333,0,12.00000000,12.00000000,6.84277341,-3.67314021,1
710,43.80935961,39.44653791,100.00000000,71000.00000000,53.00000000,65.00000000,0,-8.33333333,-8.33333333,-4.76364169,1.11585582,1
711,43.80876201,39.44745841,100.00000000,71100.00000000,60.00000000,66.00000000,0,1.00000000,1.00000000,0.57293870,4.53135185,1
712,43.80817773,39.44837272,100.00000000,71200.00000000,70.00000000,61.00000000,0,-5.00000000,-5.00000000,-2.86240523,-1.79735714,1
713,43.80733558,39.44863797,100.00000000,71300.00000000,68.00000000,66.00000000,0,5.00000000,5.00000000,2.86240523,1.72253571,1
714,43.80675971,39.44952156,100.00000000,71400.00000000,91.00000000,76.33333333,0,10.33333333,10.33333333,5.89962504,-3.01674206,1
715,43.80605027,39.44989654,100.00000000,71500.00000000,68.00000000,75.66666667,0,-0.66666666,-0.66666666,-0.38196620,2.66386508,1
716,43.80525489,39.45035568,100.00000000,71600.00000000,77.00000000,78.66666667,0,3.00000000,3.00000000,1.71835800,-4.77534127,1
717,43.80455270,39.45112891,100.00000000,71700.00000000,78.00000000,74.33333333,0,-4.33333334,-4.33333334,-2.48126481,-4.68034921,1
718,43.80374080,39.45165800,100.00000000,71800.00000000,,67.33888889,1,-6.99444444,-6.99444444,-4.00100535,-1.42907540,1
719,43.80290602,39.45212155,100.00000000,71900.00000000,,63.50555555,1,-3.83333333,-3.83333333,-2.19526336,-2.24612662,1
720,43.80208880,39.45263450,100.00000000,72000.00000000,,59.14444444,1,-4.36111111,-4.36111111,-2.49715027,-5.06682540,1
721,43.80142370,39.45345497,100.00000000,72100.00000000,,51.67500000,1,-7.46944444,-7.46944444,-4.27174381,-2.01957407,1
722,43.80130813,39.45467469,100.00000000,72200.00000000,,47.16944444,1,-4.50555556,-4.50555556,-2.57974849,-6.30992857,1
723,43.80192619,39.45530096,100.00000000,72300.00000000,,49.63888889,1,2.46944444,2.46944444,1.41459994,-4.91928571,1
724,43.80281307,39.45516952,100.00000000,72400.00000000,41.00000000,50.33333333,0,0.69444444,0.69444444,0.39788096,-1.63939286,1
725,43.80366066,39.45523092,100.00000000,72500.00000000,51.00000000,47.00000000,0,-3.33333333,-3.33333333,-1.90915243,-0.24962434,1
726,43.80281805,39.45552777,100.00000000,72600.00000000,41.00000000,44.33333333,0,-2.66666667,-2.66666667,-1.52752544,-0.62392460,1
727,43.80193481,39.45576074,100.00000000,72700.00000000,49.00000000,47.00000000,0,2.66666667,2.66666667,1.52752544,2.55189683,1
728,43.80107205,39.45603480,100.00000000,72800.00000000,14.00000000,34.66666667,0,-12.33333333,-12.33333333,-7.03097330,-0.43754497,1
729,43.80028443,39.45663619,100.00000000,72900.00000000,7.00000000,23.33333333,0,-11.33333334,-11.33333334,-6.46593210,2.63057937,1
730,43.79952246,39.45729675,100.00000000,73000.00000000,13.00000000,11.33333333,0,-12.00000000,-12.00000000,-6.84277341,3.24568651,1
731,43.79872064,39.45725488,100.00000000,73100.00000000,13.00000000,11.00000000,0,-0.33333333,-0.33333333,-0.19098522,0.71857937,1
732,43.79828941,39.45812711,100.00000000,73200.00000000,25.00000000,17.00000000,0,6.00000000,6.00000000,3.43363036,1.05511111,1
733,43.79850684,39.45932457,100.00000000,73300.00000000,27.00000000,21.66666667,0,4.66666667,4.66666667,2.67186460,0.02367460,1
734,43.79880968,39.46049778,100.00000000,73400.00000000,16.00000000,22.66666667,0,1.00000000,1.00000000,0.57293870,4.87372884,1
735,43.79901111,39.46169103,100.00000000,73500.00000000,23.00000000,22.00000000,0,-0.66666667,-0.66666667,-0.38196621,1.92595238,1
736,43.79886389,39.46292021,100.00000000,73600.00000000,24.00000000,21.00000000,0,-1.00000000,-1.00000000,-0.57293870,-1.53195635,1
737,43.79871736,39.46414954,100.00000000,73700.00000000,30.00000000,25.66666667,0,4.66666667,4.66666667,2.67186460,-1.81857936,1
738,43.79877712,39.46538373,100.00000000,73800.00000000,25.00000000,26.33333333,0,0.66666666,0.66666666,0.38196620,-0.29358730,1
739,43.79873622,39.46662671,100.00000000,73900.00000000,14.00000000,23.00000000,0,-3.33333333,-3.33333333,-1.90915243,0.69042063,1
740,43.79908693,39.46770544,100.00000000,74000.00000000,18.00000000,19.00000000,0,-4.00000000,-4.00000000,-2.29061004,-1.55638095,1
741,43.79971150,39.46860180,100.00000000,74100.00000000,24.00000000,18.66666667,0,-0.33333333,-0.33333333,-0.19098522,-1.60766137,1
742,43.79946190,39.46972616,100.00000000,74200.00000000,15.00000000,19.00000000,0,0.33333333,0.33333333,0.19098522,0.46822222,1
743,43.79900183,39.47079651,100.00000000,74300.00000000,13.00000000,17.33333333,0,-1.66666667,-1.66666667,-0.95484126,-1.45176191,1
744,43.79842138,39.47174434,100.00000000,74400.00000000,,22.42222222,1,5.08888889,5.08888889,2.91320554,2.39607937,1
745,43.79769002,39.47246840,100.00000000,74500.00000000,,25.65833333,1,3.23611111,3.23611111,1.85350824,2.39209524,1
746,43.79695571,39.47318772,100.00000000,74600.00000000,,29.44166666,1,3.78333333,3.78333333,2.16665696,2.73675397,1
747,43.79625155,39.47395586,100.00000000,74700.00000000,,34.16111111,1,4.71944444,4.71944444,2.70203758,3.98428042,1
748,43.79562075,39.47484121,100.00000000,74800.00000000,,37.49722222,1,3.33611111,3.33611111,1.91074221,2.15336508,1
749,43.79496302,39.47569091,100.00000000,74900.00000000,,39.72222222,1,2.22500000,2.22500000,1.27462078,-0.27900926,1
750,43.79434777,39.47659635,100.00000000,75000.00000000,64.00000000,42.33333333,0,2.61111111,2.61111111,1.49571661,-0.41561111,1
751,43.79385053,39.47762351,100.00000000,75100.00000000,85.00000000,60.00000000,0,17.66666667,17.66666667,10.01887461,-6.82130159,1
752,43.79347891,39.47875165,100.00000000,75200.00000000,109.00000000,86.00000000,0,26.00000000,25.00000000,14.03624347,-5.78683598,1
753,43.79269309,39.47914164,100.00000000,75300.00000000,69.00000000,87.66666667,0,1.66666667,1.66666667,0.95484126,8.78564021,1
754,43.79181671,39.47893258,100.00000000,75400.00000000,67.00000000,81.66666667,0,-6.00000000,-6.00000000,-3.43363036,6.63985318,1
755,43.79145375,39.48000113,100.00000000,75500.00000000,94.00000000,76.66666667,0,-5.00000000,-5.00000000,-2.86240523,-2.53730555,1
756,43.79199247,39.48096407,100.00000000,75600.00000000,110.00000000,90.33333333,0,13.66666666,13.66666666,7.78221072,-3.64876984,1
757,43.79211162,39.48215855,100.00000000,75700.00000000,129.00000000,111.00000000,0,20.66666667,20.66666667,11.67673783,-7.34128571,1
758,43.79132466,39.48217130,100.00000000,75800.00000000,96.00000000,111.66666667,0,0.66666667,0.66666667,0.38196621,0.22496032,1
759,43.79078456,39.48118989,100.00000000,75900.00000000,107.00000000,110.66666667,0,-1.00000000,-1.00000000,-0.57293870,-2.54997619,1
760,43.78999927,39.48069701,100.00000000,76000.00000000,93.00000000,98.66666667,0,-12.00000000,-12.00000000,-6.84277341,-0.67567857,1
761,43.78933555,39.48016691,100.00000000,76100.00000000,101.00000000,100.33333333,0,1.66666666,1.66666666,0.95484125,-5.67188757,1
762,43.78901330,39.48129084,100.00000000,76200.00000000,100.00000000,98.00000000,0,-2.33333333,-2.33333333,-1.33665898,-4.24203968,1
763,43.78844952,39.48221825,100.00000000,76300.00000000,,99.66666667,1,1.66666667,1.66666667,0.95484125,-3.40899603,1
764,43.78756131,39.48207153,100.00000000,76400.00000000,,94.11666667,1,-5.55000000,-5.55000000,-3.17665681,-1.67839682,1
765,43.78666848,39.48192903,100.00000000,76500.00000000,,89.46944445,1,-4.64722222,-4.64722222,-2.66074786,-5.26444180,1
766,43.78577349,39.48184009,100.00000000,76600.00000000,,82.20000000,1,-7.26944444,-7.26944444,-4.15777126,-3.50229365,1
767,43.78488367,39.48192296,100.00000000,76700.00000000,,78.46666667,1,-3.73333333,-3.73333333,-2.13804948,-2.35086905,1
768,43.78399908,39.48171025,100.00000000,76800.00000000,,75.31111111,1,-3.15555555,-3.15555555,-1.80740040,-4.09520106,1
769,43.78312398,39.48143648,100.00000000,76900.00000000,77.00000000,75.66666667,0,0.35555556,0.35555556,0.20371747,-0.82304365,1
770,43.78222862,39.48132511,100.00000000,77000.00000000,62.00000000,69.33333333,0,-6.33333334,-6.33333334,-3.62389260,-2.51408730,1
771,43.78134584,39.48139984,100.00000000,77100.00000000,52.00000000,63.66666667,0,-5.66666666,-5.66666666,-3.24329228,-5.52499206,1
772,43.78047496,39.48169670,100.00000000,77200.00000000,38.00000000,50.66666667,0,-13.00000000,-13.00000000,-7.40691213,-0.83706746,1
773,43.77959637,39.48195810,100.00000000,77300.00000000,36.00000000,42.00000000,0,-8.66666667,-8.66666667,-4.95325748,-2.68177778,1
774,43.77896268,39.48280502,100.00000000,77400.00000000,21.00000000,31.66666667,0,-10.33333333,-10.33333333,-5.89962504,2.15312698,1
775,43.77813852,39.48313012,100.00000000,77500.00000000,16.00000000,24.33333333,0,-7.33333334,-7.33333334,-4.19418279,2.82994048,1
776,43.77724433,39.48302577,100.00000000,77600.00000000,20.00000000,19.00000000,0,-5.33333333,-5.33333333,-3.05288251,3.81382540,1
777,43.77643973,39.48249872,100.00000000,77700.00000000,39.00000000,25.00000000,0,6.00000000,6.00000000,3.43363036,4.05565476,1
778,43.77573022,39.48311389,100.00000000,77800.00000000,33.00000000,30.66666667,0,5.66666667,5.66666667,3.24329228,0.57159524,1
779,43.77548541,39.48430545,100.00000000,77900.00000000,50.00000000,40.66666667,0,10.00000000,10.00000000,5.71059314,0.99842641,1
780,43.77530583,39.48552570,100.00000000,78000.00000000,54.00000000,45.66666667,0,5.00000000,5.00000000,2.86240523,0.11818254,1
781,43.77483710,39.48654092,100.00000000,78100.00000000,40.00000000,48.00000000,0,2.33333333,2.33333333,1.33665898,-1.96512698,1
782,43.77415083,39.48734584,100.00000000,78200.00000000,55.00000000,49.66666667,0,1.66666667,1.66666667,0.95484126,-1.69624603,1
783,43.77342977,39.48808852,100.00000000,78300.00000000,50.00000000,48.33333333,0,-1.33333334,-1.33333334,-0.76389846,-1.15105159,1
784,43.77267249,39.48875569,100.00000000,78400.00000000,30.00000000,45.00000000,0,-3.33333333,-3.33333333,-1.90915243,0.18709656,1
785,43.77188674,39.48935047,100.00000000,78500.00000000,43.00000000,41.00000000,0,-4.00000000,-4.00000000,-2.29061004,-0.32593087,1
786,43.77126043,39.49024024,100.00000000,78600.00000000,45.00000000,39.33333333,0,-1.66666667,-1.66666667,-0.95484126,-2.49694709,1
787,43.77073680,39.49125201,100.00000000,78700.00000000,35.00000000,41.00000000,0,1.66666667,1.66666667,0.95484126,-1.14390873,1
788,43.77020590,39.49225673,100.00000000,78800.00000000,39.00000000,39.66666667,0,-1.33333333,-1.33333333,-0.76389846,-0.27853175,1
789,43.76955952,39.49311844,100.00000000,78900.00000000,33.00000000,35.66666667,0,-4.00000000,-4.00000000,-2.29061004,-1.03835317,1
790,43.76889651,39.49395623,100.00000000,79000.00000000,30.00000000,34.00000000,0,-1.66666667,-1.66666667,-0.95484126,-1.60187831,1
791,43.76841839,39.49497549,100.00000000,79100.00000000,36.00000000,33.00000000,0,-1.00000000,-1.00000000,-0.57293870,-4.81064815,1
792,43.76835521,39.49621099,100.00000000,79200.00000000,29.00000000,31.66666667,0,-1.33333333,-1.33333333,-0.76389846,-4.66676587,1
793,43.76843212,39.49743285,100.00000000,79300.00000000,21.00000000,28.66666667,0,-3.00000000,-3.00000000,-1.71835800,-3.10350000,1
794,43.76805307,39.49856071,100.00000000,79400.00000000,9.00000000,19.66666667,0,-9.00000000,-9.00000000,-5.14276456,0.19660185,1
795,43.76741112,39.49934811,100.00000000,79500.00000000,6.00000000,12.00000000,0,-7.66666667,-7.66666667,-4.38410026,3.74516667,1
796,43.76654318,39.49966940,100.00000000,79600.00000000,5.00000000,6.66666667,0,-5.33333333,-5.33333333,-3.05288251,1.68040079,1
797,43.76577523,39.50028062,100.00000000,79700.00000000,,10.22222222,1,3.55555555,3.55555555,2.03632545,-1.58478571,1
798,43.76515142,39.50117759,100.00000000,79800.00000000,,12.88888889,1,2.66666667,2.66666667,1.52752544,-0.75195238,1
799,43.76453470,39.50208394,100.00000000,79900.00000000,,17.33333333,1,4.44444444,4.44444444,2.54480438,1.99593651,1
800,43.76387217,39.50292390,100.00000000,80000.00000000,,20.88888889,1,3.55555555,3.55555555,2.03632545,5.14992460,1
801,43.76316450,39.50369234,100.00000000,80100.00000000,,26.00000000,1,5.11111111,5.11111111,2.92590490,2.75220238,1
802,43.76259136,39.50463338,100.00000000,80200.00000000,,30.22222222,1,4.22222222,4.22222222,2.41771911,-1.43675397,1
803,43.76215633,39.50572323,100.00000000,80300.00000000,36.00000000,33.33333333,0,3.11111111,3.11111111,1.78196059,-2.15167063,1
804,43.76156005,39.50664388,100.00000000,80400.00000000,24.00000000,32.33333333,0,-1.00000000,-1.00000000,-0.57293870,0.81134524,1
805,43.76096147,39.50756654,100.00000000,80500.00000000,34.00000000,31.33333333,0,-1.00000000,-1.00000000,-0.57293870,-0.01715873,1
806,43.76058812,39.50869326,100.00000000,80600.00000000,40.00000000,32.66666667,0,1.33333334,1.33333334,0.76389846,1.22963095,1
807,43.76006697,39.50956204,100.00000000,80700.00000000,46.00000000,40.00000000,0,7.33333333,7.33333333,4.19418279,2.52079762,1
808,43.75930352,39.51014694,100.00000000,80800.00000000,56.00000000,47.33333333,0,7.33333333,7.33333333,4.19418279,0.08062169,1
809,43.75884332,39.51121497,100.00000000,80900.00000000,59.00000000,53.66666667,0,6.33333334,6.33333334,3.62389260,-1.24430159,1
810,43.75889277,39.51235118,100.00000000,81000.00000000,68.00000000,61.00000000,0,7.33333333,7.33333333,4.19418279,-8.16838095,1
811,43.75929746,39.51345912,100.00000000,81100.00000000,55.00000000,60.66666667,0,-0.33333333,-0.33333333,-0.19098522,-2.38067460,1
812,43.75968095,39.51458538,100.00000000,81200.00000000,42.00000000,55.00000000,0,-5.66666667,-5.66666667,-3.24329228,-6.17630952,1
813,43.76009290,39.51569215,100.00000000,81300.00000000,35.00000000,44.00000000,0,-11.00000000,-11.00000000,-6.27729849,-4.63784656,1
814,43.76023900,39.51689443,100.00000000,81400.00000000,25.00000000,34.00000000,0,-10.00000000,-10.00000000,-5.71059314,-2.67511905,1
815,43.75985725,39.51795506,100.00000000,81500.00000000,21.00000000,27.00000000,0,-7.00000000,-7.00000000,-4.00417294,-2.12833333,1
816,43.75921255,39.51882314,100.00000000,81600.00000000,18.00000000,21.33333333,0,-5.66666667,-5.66666667,-3.24329228,-0.59169180,1
817,43.75857618,39.51970257,100.00000000,81700.00000000,14.00000000,17.66666667,0,-3.66666666,-3.66666666,-2.09990451,3.09627381,1
818,43.75789944,39.52051980,100.00000000,81800.00000000,14.00000000,15.33333333,0,-2.33333334,-2.33333334,-1.33665898,3.62704498,1
819,43.75702266,39.52063767,100.00000000,81900.00000000,15.00000000,14.33333333,0,-1.00000000,-1.00000000,-0.57293870,4.42167196,1
820,43.75616301,39.52084305,100.00000000,82000.00000000,31.00000000,20.00000000,0,5.66666667,5.66666667,3.24329228,2.06426587,1
821,43.75563695,39.52185289,100.00000000,82100.00000000,43.00000000,29.66666667,0,9.66666667,9.66666667,5.52143642,2.08209921,1
822,43.75507787,39.52281844,100.00000000,82200.00000000,54.00000000,42.66666667,0,13.00000000,13.00000000,7.40691213,2.06358730,1
823,43.75423690,39.52322885,100.00000000,82300.00000000,45.00000000,47.33333333,0,4.66666666,4.66666666,2.67186459,6.24050000,1
824,43.75339279,39.52363920,100.00000000,82400.00000000,57.00000000,52.00000000,0,4.66666667,4.66666667,2.67186460,0.96874603,1
825,43.75314070,39.52459443,100.00000000,82500.00000000,67.00000000,56.33333333,0,4.33333333,4.33333333,2.48126480,0.37824603,1
826,43.75352272,39.52571472,100.00000000,82600.00000000,81.00000000,68.33333333,0,12.00000000,12.00000000,6.84277341,-6.57374603,1
827,43.75325535,39.52680814,100.00000000,82700.00000000,59.00000000,69.00000000,0,0.66666667,0.66666667,0.38196621,-0.53684259,1
828,43.75252741,39.52753923,100.00000000,82800.00000000,68.00000000,69.33333333,0,0.33333333,0.33333333,0.19098522,-8.33266667,1
829,43.75248498,39.52863494,100.00000000,82900.00000000,,65.76666666,1,-3.56666667,-3.56666667,-2.04268359,-1.36535185,1
830,43.75280690,39.52977790,100.00000000,83000.00000000,,60.00277778,1,-5.76388889,-5.76388889,-3.29881515,-0.44077900,1
831,43.75239195,39.53080153,100.00000000,83100.00000000,,55.95833333,1,-4.04444444,-4.04444444,-2.31603370,-0.31374603,1
832,43.75151163,39.53100283,100.00000000,83200.00000000,,50.01388889,1,-5.94444444,-5.94444444,-3.40191250,-5.75975397,1
833,43.75061710,39.53089290,100.00000000,83300.00000000,,45.55555556,1,-4.45833333,-4.45833333,-2.55274639,-6.62115476,1
834,43.74972341,39.53085667,100.00000000,83400.00000000,,40.50277778,1,-5.05277778,-5.05277778,-2.89256846,-5.13570635,1
835,43.74898999,39.53148193,100.00000000,83500.00000000,33.00000000,33.66666667,0,-6.83611111,-6.83611111,-3.91071881,-4.20287698,1
836,43.74859854,39.53260098,100.00000000,83600.00000000,64.00000000,45.66666667,0,12.00000000,12.00000000,6.84277341,-6.53801587,1
837,43.74827349,39.53376167,100.00000000,83700.00000000,60.00000000,52.33333333,0,6.66666666,6.66666666,3.81407483,-2.85307143,1
838,43.74796408,39.53493060,100.00000000,83800.00000000,73.00000000,65.66666667,0,13.33333334,13.33333334,7.59464337,-3.28608333,1
839,43.74755685,39.53603839,100.00000000,83900.00000000,90.00000000,74.33333333,0,8.66666666,8.66666666,4.95325747,-0.48358730,1
840,43.74709200,39.53709537,100.00000000,84000.00000000,81.00000000,81.33333333,0,7.00000000,7.00000000,4.00417294,4.74316005,1
841,43.74630167,39.53762841,100.00000000,84100.00000000,82.00000000,84.33333333,0,3.00000000,3.00000000,1.71835800,3.46016931,1
842,43.74545072,39.53803113,100.00000000,84200.00000000,80.00000000,81.00000000,0,-3.33333333,-3.33333333,-1.90915243,1.65497222,1
843,43.74458869,39.53837653,100.00000000,84300.00000000,97.00000000,86.33333333,0,5.33333333,5.33333333,3.05288251,-3.73209921,1
844,43.74369412,39.53836590,100.00000000,84400.00000000,89.00000000,88.66666667,0,2.33333334,2.33333334,1.33665898,-1.99537301,1
845,43.74279945,39.53838182,100.00000000,84500.00000000,86.00000000,90.66666667,0,2.00000000,2.00000000,1.14576284,-2.08976984,1
846,43.74191176,39.53858119,100.00000000,84600.00000000,83.00000000,86.00000000,0,-4.66666667,-4.66666667,-2.67186460,-4.08998809,1
847,43.74101630,39.53868095,100.00000000,84700.00000000,79.00000000,82.66666667,0,-3.33333333,-3.33333333,-1.90915243,-4.66252778,1
848,43.74013596,39.53882898,100.00000000,84800.00000000,75.00000000,79.00000000,0,-3.66666667,-3.66666667,-2.09990452,-3.57024603,1
849,43.73963844,39.53980161,100.00000000,84900.00000000,58.00000000,70.66666667,0,-8.33333333,-8.33333333,-4.76364169,-6.53854762,1
850,43.73946036,39.54102061,100.00000000,85000.00000000,43.00000000,58.66666667,0,-12.00000000,-12.00000000,-6.84277341,-3.38567857,1
851,43.73919008,39.54220566,100.00000000,85100.00000000,38.00000000,46.33333333,0,-12.33333334,-12.33333334,-7.03097330,-1.35400000,1
852,43.73889787,39.54338286,100.00000000,85200.00000000,31.00000000,37.33333333,0,-9.00000000,-9.00000000,-5.14276456,-1.17550264,1
853,43.73860566,39.54456006,100.00000000,85300.00000000,27.00000000,32.00000000,0,-5.33333333,-5.33333333,-3.05288251,-1.23699471,1
854,43.73831744,39.54573907,100.00000000,85400.00000000,23.00000000,27.00000000,0,-5.00000000,-5.00000000,-2.86240523,-2.80494841,1
855,43.73803746,39.54692194,100.00000000,85500.00000000,18.00000000,22.66666667,0,-4.33333333,-4.33333333,-2.48126480,-1.92145635,1
856,43.73775455,39.54810346,100.00000000,85600.00000000,16.00000000,19.00000000,0,-3.66666667,-3.66666667,-2.09990452,0.03141270,1
857,43.73742276,39.54925594,100.00000000,85700.00000000,14.00000000,16.00000000,0,-3.00000000,-3.00000000,-1.71835800,-2.29581481,1
858,43.73689479,39.55024051,100.00000000,85800.00000000,11.00000000,13.66666667,0,-2.33333333,-2.33333333,-1.33665898,-3.01575794,1
859,43.73604562,39.54997256,100.00000000,85900.00000000,16.00000000,13.66666667,0,0.00000000,0.00000000,0.00000000,-2.37088889,1
860,43.73521609,39.54949218,100.00000000,86000.00000000,13.00000000,13.33333333,0,-0.33333334,-0.33333334,-0.19098523,-0.96668651,1
861,43.73439027,39.54899933,100.00000000,86100.00000000,15.00000000,14.66666667,0,1.33333334,1.33333334,0.76389846,-1.50011111,1
862,43.73354520,39.54858679,100.00000000,86200.00000000,,14.11666667,1,-0.55000000,-0.55000000,-0.31512361,0.15446825,1
863,43.73266515,39.54874550,100.00000000,86300.00000000,,12.64722222,1,-1.46944444,-1.46944444,-0.84186906,0.39045238,1
864,43.73179811,39.54907591,100.00000000,86400.00000000,,10.63888889,1,-2.00833333,-2.00833333,-1.15053557,0.89548810,1
865,43.73092667,39.54938326,100.00000000,86500.00000000,,9.26388889,1,-1.37500000,-1.37500000,-0.78776733,-0.55087302,1
866,43.73021660,39.55011127,100.00000000,86600.00000000,,8.08333333,1,-1.18055556,-1.18055556,-0.67637709,0.68409885,1
867,43.72969918,39.55112493,100.00000000,86700.00000000,,6.78888889,1,-1.29444444,-1.29444444,-0.74162062,0.25959259,1
868,43.72927460,39.55222023,100.00000000,86800.00000000,5.00000000,5.00000000,0,-1.78888889,-1.78888889,-1.02484852,0.15145767,1
869,43.72915709,39.55344751,100.00000000,86900.00000000,9.00000000,6.33333333,0,1.33333333,1.33333333,0.76389846,-0.18318254,1
870,43.72914770,39.55469198,100.00000000,87000.00000000,8.00000000,7.33333333,0,1.00000000,1.00000000,0.57293870,-0.28548810,1
871,43.72909413,39.55593332,100.00000000,87100.00000000,10.00000000,9.00000000,0,1.66666667,1.66666667,0.95484126,1.13738889,1
872,43.72901641,39.55717316,100.00000000,87200.00000000,12.00000000,10.00000000,0,1.00000000,1.00000000,0.57293870,3.01025000,1
873,43.72895165,39.55841446,100.00000000,87300.00000000,14.00000000,12.00000000,0,2.00000000,2.00000000,1.14576284,3.20413095,1
874,43.72885637,39.55964865,100.00000000,87400.00000000,16.00000000,14.00000000,0,2.00000000,2.00000000,1.14576284,2.08646164,1
875,43.72865342,39.56086107,100.00000000,87500.00000000,21.00000000,17.00000000,0,3.00000000,3.00000000,1.71835800,2.94738095,1
876,43.72853501,39.56207950,100.00000000,87600.00000000,27.00000000,21.33333333,0,4.33333333,4.33333333,2.48126480,4.82662699,1
877,43.72866814,39.56330999,100.00000000,87700.00000000,27.00000000,25.00000000,0,3.66666667,3.66666667,2.09990452,5.75288095,1
878,43.72876774,39.56454560,100.00000000,87800.00000000,38.00000000,30.66666667,0,5.66666667,5.66666667,3.24329228,4.65388492,1
879,43.72843804,39.56568503,100.00000000,87900.00000000,41.00000000,35.33333333,0,4.66666666,4.66666666,2.67186459,2.33367460,1
880,43.72800088,39.56677262,100.00000000,88000.00000000,47.00000000,42.00000000,0,6.66666667,6.66666667,3.81407484,0.07032143,1
881,43.72755777,39.56785556,100.00000000,88100.00000000,57.00000000,48.33333333,0,6.33333333,6.33333333,3.62389259,-4.97541799,1
882,43.72711265,39.56893693,100.00000000,88200.00000000,58.00000000,54.00000000,0,5.66666667,5.66666667,3.24329228,-6.53697354,1
883,43.72667170,39.57002155,100.00000000,88300.00000000,43.00000000,52.66666667,0,-1.33333333,-1.33333333,-0.76389846,-2.75784921,1
884,43.72623165,39.57110687,100.00000000,88400.00000000,34.00000000,45.00000000,0,-7.66666667,-7.66666667,-4.38410026,-3.42613095,1
885,43.72578997,39.57219091,100.00000000,88500.00000000,25.00000000,34.00000000,0,-11.00000000,-11.00000000,-6.27729849,-2.45455952,1
886,43.72534718,39.57327408,100.00000000,88600.00000000,20.00000000,26.33333333,0,-7.66666667,-7.66666667,-4.38410026,-2.53757143,1
887,43.72466247,39.57400937,100.00000000,88700.00000000,13.00000000,19.33333333,0,-7.00000000,-7.00000000,-4.00417294,-0.53163492,1
888,43.72379689,39.57434699,100.00000000,88800.00000000,13.00000000,15.33333333,0,-4.00000000,-4.00000000,-2.29061004,-0.49125000,1
889,43.72293422,39.57469861,100.00000000,88900.00000000,11.00000000,12.33333333,0,-3.00000000,-3.00000000,-1.71835800,0.38172619,1
890,43.72207148,39.57504989,100.00000000,89000.00000000,10.00000000,11.33333333,0,-1.00000000,-1.00000000,-0.57293870,1.07281746,1
891,43.72120864,39.57540069,100.00000000,89100.00000000,11.00000000,10.66666667,0,-0.66666666,-0.66666666,-0.38196620,-0.62207143,1
892,43.72033776,39.57571119,100.00000000,89200.00000000,11.00000000,10.66666667,0,0.00000000,0.00000000,0.00000000,-0.92949206,1
893,43.71945906,39.57592473,100.00000000,89300.00000000,15.00000000,12.33333333,0,1.66666666,1.66666666,0.95484125,-0.05625000,1
894,43.71861286,39.57556904,100.00000000,89400.00000000,10.00000000,12.00000000,0,-0.33333333,-0.33333333,-0.19098522,-0.21531349,1
895,43.71800767,39.57467217,100.00000000,89500.00000000,9.00000000,11.33333333,0,-0.66666667,-0.66666667,-0.38196621,0.96575000,1
896,43.71745732,39.57369069,100.00000000,89600.00000000,,16.45000000,1,5.11666667,5.11666667,2.92907970,-0.66859524,1
897,43.71671256,39.57303845,100.00000000,89700.00000000,,21.86666666,1,5.41666667,5.41666667,3.10049145,0.43518254,1
898,43.71582774,39.57282748,100.00000000,89800.00000000,,28.48888889,1,6.62222222,6.62222222,3.78872197,-0.33774206,1
899,43.71495726,39.57303870,100.00000000,89900.00000000,,31.15555556,1,2.66666667,2.66666667,1.52752544,-3.58156349,1
900,43.71409495,39.57337650,100.00000000,90000.00000000,,35.65833333,1,4.50277778,4.50277778,2.57816016,-2.32115476,1
901,43.71319801,39.57342366,100.00000000,90100.00000000,,42.47500000,1,6.81666667,6.81666667,3.89962964,0.64722114,1
902,43.71232065,39.57316105,100.00000000,90200.00000000,53.00000000,46.66666667,0,4.19166667,4.19166667,2.40024300,-0.28317328,1
903,43.71233885,39.57417216,100.00000000,90300.00000000,63.00000000,54.00000000,0,7.33333333,7.33333333,4.19418279,-2.03563492,1
904,43.71254979,39.57538049,100.00000000,90400.00000000,59.00000000,58.33333333,0,4.33333333,4.33333333,2.48126480,-1.63834392,1
905,43.71188566,39.57592121,100.00000000,90500.00000000,72.00000000,64.66666667,0,6.33333334,6.33333334,3.62389260,-0.60250926,1
906,43.71102497,39.57626282,100.00000000,90600.00000000,75.00000000,68.66666667,0,4.00000000,4.00000000,2.29061004,-1.47605820,1
907,43.71020631,39.57675891,100.00000000,90700.00000000,91.00000000,79.33333333,0,10.66666666,10.66666666,6.08852815,-1.25491137,1
908,43.70931499,39.57692240,100.00000000,90800.00000000,82.00000000,82.66666667,0,3.33333334,3.33333334,1.90915244,-1.85777249,1
909,43.70845696,39.57725069,100.00000000,90900.00000000,71.00000000,81.33333333,0,-1.33333334,-1.33333334,-0.76389846,-3.60355952,1
910,43.70771541,39.57795285,100.00000000,91000.00000000,72.00000000,75.00000000,0,-6.33333333,-6.33333333,-3.62389259,-2.20703175,1
911,43.70696687,39.57863915,100.00000000,91100.00000000,69.00000000,70.66666667,0,-4.33333333,-4.33333333,-2.48126480,-4.70294278,1
912,43.70631949,39.57950225,100.00000000,91200.00000000,57.00000000,66.00000000,0,-4.66666667,-4.66666667,-2.67186460,-6.76503968,1
913,43.70619034,39.58063336,100.00000000,91300.00000000,58.00000000,61.33333333,0,-4.66666667,-4.66666667,-2.67186460,-8.55468783,1
914,43.70584576,39.58174854,100.00000000,91400.00000000,41.00000000,52.00000000,0,-9.33333333,-9.33333333,-5.33215888,-6.11362698,1
915,43.70508887,39.58212739,100.00000000,91500.00000000,28.00000000,42.33333333,0,-9.66666667,-9.66666667,-5.52143642,-3.77742063,1
916,43.70431400,39.58255818,100.00000000,91600.00000000,26.00000000,31.66666667,0,-10.66666666,-10.66666666,-6.08852815,-3.47026984,1
917,43.70383736,39.58361308,100.00000000,91700.00000000,13.00000000,22.33333333,0,-9.33333334,-9.33333334,-5.33215889,-0.86648809,1
918,43.70330285,39.58461002,100.00000000,91800.00000000,9.00000000,16.00000000,0,-6.33333333,-6.33333333,-3.62389259,-0.80508057,1
919,43.70268320,39.58551093,100.00000000,91900.00000000,5.00000000,9.00000000,0,-7.00000000,-7.00000000,-4.00417294,-0.23276984,1
920,43.70193113,39.58617820,100.00000000,92000.00000000,6.00000000,6.66666667,0,-2.33333333,-2.33333333,-1.33665898,0.92552381,1
921,43.70110843,39.58668040,100.00000000,92100.00000000,7.00000000,6.00000000,0,-0.66666667,-0.66666667,-0.38196621,-0.48854365,1
922,43.70029059,39.58719773,100.00000000,92200.00000000,7.00000000,6.66666667,0,0.66666667,0.66666667,0.38196621,1.08936508,1
923,43.69946796,39.58770035,100.00000000,92300.00000000,10.00000000,8.00000000,0,1.33333333,1.33333333,0.76389846,0.55243651,1
924,43.69864288,39.58819515,100.00000000,92400.00000000,9.00000000,8.66666667,0,0.66666667,0.66666667,0.38196621,0.77687037,1
925,43.69780324,39.58863993,100.00000000,92500.00000000,,8.76666667,1,0.10000000,0.10000000,0.05729576,0.82709127,1
926,43.69696200,39.58907946,100.00000000,92600.00000000,,8.85555556,1,0.08888889,0.08888889,0.05092957,0.06056349,1
927,43.69611309,39.58948897,100.00000000,92700.00000000,,8.97222222,1,0.11666667,0.11666667,0.06684505,0.76070635,1
928,43.69527339,39.58992798,100.00000000,92800.00000000,,9.05000000,1,0.07777778,0.07777778,0.04456337,-0.19722751,1
929,43.69452075,39.59060598,100.00000000,92900.00000000,,9.16666666,1,0.11666667,0.11666667,0.06684505,-0.42522751,1
930,43.69373307,39.59119439,100.00000000,93000.00000000,,9.25000000,1,0.08333333,0.08333333,0.04774647,-0.32584656,1
931,43.69285394,39.59144356,100.00000000,93100.00000000,8.00000000,9.33333333,0,0.08333333,0.08333333,0.04774647,-0.32584656,1
932,43.69210800,39.59213576,100.00000000,93200.00000000,12.00000000,10.33333333,0,1.00000000,1.00000000,0.57293870,-0.26937302,1
933,43.69133532,39.59275759,100.00000000,93300.00000000,13.00000000,11.00000000,0,0.66666667,0.66666667,0.38196621,-0.12886111,1
934,43.69047854,39.59310846,100.00000000,93400.00000000,7.00000000,10.66666667,0,-0.33333333,-0.33333333,-0.19098522,0.22388889,1
935,43.68968488,39.59369337,100.00000000,93500.00000000,10.00000000,10.00000000,0,-0.66666667,-0.66666667,-0.38196621,1.00946032,1
936,43.68888756,39.59426806,100.00000000,93600.00000000,13.00000000,10.00000000,0,0.00000000,0.00000000,0.00000000,0.69351852,1
937,43.68825610,39.59514053,100.00000000,93700.00000000,15.00000000,12.66666667,0,2.66666667,2.66666667,1.52752544,-0.12558730,1
938,43.68761362,39.59599226,100.00000000,93800.00000000,31.00000000,19.66666667,0,7.00000000,7.00000000,4.00417294,-2.42810317,1
939,43.68684755,39.59664213,100.00000000,93900.00000000,14.00000000,20.00000000,0,0.33333333,0.33333333,0.19098522,0.40752381,1
940,43.68602735,39.59714267,100.00000000,94000.00000000,14.00000000,19.66666667,0,-0.33333333,-0.33333333,-0.19098522,0.81350000,1
941,43.68525944,39.59777218,100.00000000,94100.00000000,24.00000000,17.33333333,0,-2.33333334,-2.33333334,-1.33665898,-0.96210847,1
942,43.68444906,39.59830841,100.00000000,94200.00000000,14.00000000,17.33333333,0,0.00000000,0.00000000,0.00000000,0.02183333,1
943,43.68364613,39.59886197,100.00000000,94300.00000000,18.00000000,18.66666667,0,1.33333334,1.33333334,0.76389846,-2.54868651,1
944,43.68287719,39.59950686,100.00000000,94400.00000000,19.00000000,17.00000000,0,-1.66666667,-1.66666667,-0.95484126,-1.30376719,1
945,43.68210935,39.60015425,100.00000000,94500.00000000,15.00000000,17.33333333,0,0.33333333,0.33333333,0.19098522,0.43726984,1
946,43.68133468,39.60078585,100.00000000,94600.00000000,6.00000000,13.33333333,0,-4.00000000,-4.00000000,-2.29061004,2.15240079,1
947,43.68055622,39.60140844,100.00000000,94700.00000000,9.00000000,10.00000000,0,-3.33333333,-3.33333333,-1.90915243,2.77001984,1
948,43.67976839,39.60200760,100.00000000,94800.00000000,16.00000000,10.33333333,0,0.33333333,0.33333333,0.19098522,4.30398413,1
949,43.67890043,39.60225132,100.00000000,94900.00000000,15.00000000,13.33333333,0,3.00000000,3.00000000,1.71835800,6.66789683,1
950,43.67828997,39.60314184,100.00000000,95000.00000000,22.00000000,17.66666667,0,4.33333334,4.33333334,2.48126481,6.06019180,1
951,43.67767124,39.60403295,100.00000000,95100.00000000,38.00000000,25.00000000,0,7.33333333,7.33333333,4.19418279,8.35647487,1
952,43.67735018,39.60505270,100.00000000,95200.00000000,53.00000000,37.66666667,0,12.66666667,12.66666667,7.21902083,4.29650794,1
953,43.67698101,39.60610779,100.00000000,95300.00000000,62.00000000,51.00000000,0,13.33333333,13.33333333,7.59464337,5.21309788,1
954,43.67689068,39.60726316,100.00000000,95400.00000000,76.00000000,63.66666667,0,12.66666667,12.66666667,7.21902083,5.74089250,1
955,43.67639683,39.60822051,100.00000000,95500.00000000,,69.11666667,1,5.45000000,5.45000000,3.11953383,5.33994312,1
956,43.67620094,39.60915523,100.00000000,95600.00000000,,74.56666667,1,5.45000000,5.45000000,3.11953383,4.24588095,1
957,43.67666201,39.61015988,100.00000000,95700.00000000,,77.29166667,1,2.72500000,2.72500000,1.56092371,2.77223016,1
958,43.67649303,39.61132685,100.00000000,95800.00000000,,84.55833333,1,7.26666667,7.26666667,4.15618808,0.92684921,1
959,43.67609886,39.61244441,100.00000000,95900.00000000,,90.00833333,1,5.45000000,5.45000000,3.11953383,2.44491667,1
960,43.67573105,39.61357784,100.00000000,96000.00000000,,95.45833333,1,5.45000000,5.45000000,3.11953383,-0.49782936,1
961,43.67531190,39.61467719,100.00000000,96100.00000000,109.00000000,100.00000000,0,4.54166667,4.54166667,2.60039638,-2.02437169,1
962,43.67492723,39.61580069,100.00000000,96200.00000000,95.00000000,99.00000000,0,-1.00000000,-1.00000000,-0.57293870,3.02371032,1
963,43.67434309,39.61674340,100.00000000,96300.00000000,126.00000000,110.00000000,0,11.00000000,11.00000000,6.27729849,-4.05203968,1
964,43.67364941,39.61752952,100.00000000,96400.00000000,119.00000000,113.33333333,0,3.33333333,3.33333333,1.90915243,0.44351323,1
965,43.67278738,39.61783892,100.00000000,96500.00000000,122.00000000,122.33333333,0,9.00000000,9.00000000,5.14276456,-5.36484921,1
966,43.67190693,39.61760588,100.00000000,96600.00000000,122.00000000,121.00000000,0,-1.33333333,-1.33333333,-0.76389846,-2.89834656,1
967,43.67105392,39.61728440,100.00000000,96700.00000000,135.00000000,126.33333333,0,5.33333333,5.33333333,3.05288251,-8.91606349,1
968,43.67022480,39.61694333,100.00000000,96800.00000000,107.00000000,121.33333333,0,-5.00000000,-5.00000000,-2.86240523,-4.60934127,1
969,43.66953954,39.61660698,100.00000000,96900.00000000,92.00000000,111.33333333,0,-10.00000000,-10.00000000,-5.71059314,-4.11521032,1
970,43.66989439,39.61546820,100.00000000,97000.00000000,84.00000000,94.33333333,0,-17.00000000,-17.00000000,-9.64804532,-4.90014286,1
971,43.66922555,39.61522115,100.00000000,97100.00000000,84.00000000,86.66666667,0,-7.66666666,-7.66666666,-4.38410026,-3.27000000,1
972,43.66836992,39.61526220,100.00000000,97200.00000000,75.00000000,81.00000000,0,-5.66666667,-5.66666667,-3.24329228,-3.41341270,1
973,43.66750517,39.61493778,100.00000000,97300.00000000,60.00000000,73.00000000,0,-8.00000000,-8.00000000,-4.57392126,0.00728175,1
974,43.66792199,39.61552695,100.00000000,97400.00000000,65.00000000,66.66666667,0,-6.33333333,-6.33333333,-3.62389259,-5.19348413,1
975,43.66814405,39.61668873,100.00000000,97500.00000000,46.00000000,57.00000000,0,-9.66666667,-9.66666667,-5.52143642,-3.68022222,1
976,43.66847826,39.61783293,100.00000000,97600.00000000,58.00000000,56.33333333,0,-0.66666667,-0.66666667,-0.38196621,-5.17361905,1
977,43.66903554,39.61880027,100.00000000,97700.00000000,36.00000000,46.66666667,0,-9.66666666,-9.66666666,-5.52143641,-0.39242196,1
978,43.66974698,39.61954564,100.00000000,97800.00000000,27.00000000,40.33333333,0,-6.33333334,-6.33333334,-3.62389260,3.05139682,1
979,43.67059572,39.61992990,100.00000000,97900.00000000,28.00000000,30.33333333,0,-10.00000000,-10.00000000,-5.71059314,5.39190873,1
980,43.67132564,39.62063908,100.00000000,98000.00000000,,45.77222222,1,15.43888889,15.43888889,8.77653722,-6.79509921,1
981,43.67148063,39.62149855,100.00000000,98100.00000000,,59.35000000,1,13.57777778,13.57777778,7.73220900,-1.49662698,1
982,43.67064322,39.62107965,100.00000000,98200.00000000,,50.94444444,1,-8.40555556,-8.40555556,-4.80473413,-0.16069048,1
983,43.66979632,39.62124447,100.00000000,98300.00000000,,59.26111111,1,8.31666667,8.31666667,4.75415812,-2.90838492,1
984,43.66900057,39.62172528,100.00000000,98400.00000000,,73.21944444,1,13.95833334,13.95833334,7.94619474,-4.53479762,1
985,43.66838021,39.62255009,100.00000000,98500.00000000,,84.25277778,1,11.03333333,11.03333333,6.29616807,2.07927249,1
986,43.66792184,39.62361896,100.00000000,98600.00000000,94.00000000,89.00000000,0,4.74722222,4.74722222,2.71791749,5.41682275,1
987,43.66746162,39.62466694,100.00000000,98700.00000000,82.00000000,91.33333333,0,2.33333333,2.33333333,1.33665898,-0.30179762,1
988,43.66740623,39.62581048,100.00000000,98800.00000000,88.00000000,88.00000000,0,-3.33333333,-3.33333333,-1.90915243,-1.01476190,1
989,43.66788800,39.62481143,100.00000000,98900.00000000,109.00000000,93.00000000,0,5.00000000,5.00000000,2.86240523,-0.26388095,1
990,43.66856310,39.62400486,100.00000000,99000.00000000,108.00000000,101.66666667,0,8.66666667,8.66666667,4.95325748,1.56026191,1
991,43.66925516,39.62353982,100.00000000,99100.00000000,90.00000000,102.33333333,0,0.66666666,0.66666666,0.38196620,3.37325794,1
992,43.66969810,39.62461519,100.00000000,99200.00000000,101.00000000,99.66666667,0,-2.66666666,-2.66666666,-1.52752544,6.27783862,1
993,43.66964483,39.62547978,100.00000000,99300.00000000,107.00000000,99.33333333,0,-0.33333334,-0.33333334,-0.19098523,6.08964153,1
994,43.66917307,39.62457165,100.00000000,99400.00000000,101.00000000,103.00000000,0,3.66666667,3.66666667,2.09990452,5.47900000,1
995,43.66871933,39.62560298,100.00000000,99500.00000000,138.00000000,115.33333333,0,12.33333333,12.33333333,7.03097330,1.06154233,1
996,43.66901133,39.62675508,100.00000000,99600.00000000,140.00000000,126.33333333,0,11.00000000,11.00000000,6.27729849,4.02115873,1
997,43.66882840,39.62793947,100.00000000,99700.00000000,142.00000000,140.00000000,0,13.66666667,13.66666667,7.78221073,4.00035317,1
998,43.66842503,39.62905031,100.00000000,99800.00000000,147.00000000,143.00000000,0,3.00000000,3.00000000,1.71835800,4.93088095,1
999,43.66795709,39.63010328,100.00000000,99900.00000000,164.00000000,151.00000000,0,8.00000000,8.00000000,4.57392126,1.19180159,1
1000,43.66746908,39.63114257,100.00000000,100000.00000000,158.00000000,156.33333333,0,5.33333333,5.33333333,3.05288251,2.87816667,1
1001,43.66696900,39.63217230,100.00000000,100100.00000000,169.00000000,163.66666667,0,7.33333334,7.33333334,4.19418279,2.14670467,1
1002,43.66653167,39.63324885,100.00000000,100200.00000000,164.00000000,163.66666667,0,0.00000000,0.00000000,0.00000000,3.13255159,1
1003,43.66572933,39.63376420,100.00000000,100300.00000000,170.00000000,167.66666667,0,4.00000000,4.00000000,2.29061004,-0.02909524,1
1004,43.66513450,39.63466289,100.00000000,100400.00000000,183.00000000,172.33333333,0,4.66666666,4.66666666,2.67186459,-0.33266138,1
1005,43.66472509,39.63576873,100.00000000,100500.00000000,,172.60000000,1,0.26666667,0.26666667,0.15278838,-0.12880952,1
1006,43.66430663,39.63686767,100.00000000,100600.00000000,,172.97777778,1,0.37777778,0.37777778,0.21644969,-0.38294048,1
1007,43.66371543,39.63778809,100.00000000,100700.00000000,,172.37777778,1,-0.60000000,-0.60000000,-0.34377055,0.36492460,1
1008,43.66298724,39.63751166,100.00000000,100800.00000000,,171.76666667,1,-0.61111111,-0.61111111,-0.35013652,0.39388492,1
1009,43.66221088,39.63702823,100.00000000,100900.00000000,,172.17222222,1,0.40555556,0.40555556,0.23236494,0.55416270,1
1010,43.66136446,39.63736501,100.00000000,101000.00000000,168.00000000,173.66666667,0,1.49444445,1.49444445,0.85618986,-1.12067328,1
1011,43.66076490,39.63828626,100.00000000,101100.00000000,160.00000000,167.66666667,0,-6.00000000,-6.00000000,-3.43363036,0.79353968,1
1012,43.66063211,39.63944965,100.00000000,101200.00000000,143.00000000,157.00000000,0,-10.66666667,-10.66666667,-6.08852816,-2.80085318,1
1013,43.66021466,39.64042032,100.00000000,101300.00000000,136.00000000,146.33333333,0,-10.66666667,-10.66666667,-6.08852816,1.75907936,1
1014,43.66030010,39.64164068,100.00000000,101400.00000000,133.00000000,137.33333333,0,-9.00000000,-9.00000000,-5.14276456,-3.52251984,1
1015,43.65980663,39.64266195,100.00000000,101500.00000000,129.00000000,132.66666667,0,-4.66666666,-4.66666666,-2.67186459,-3.37674206,1
1016,43.65952050,39.64383659,100.00000000,101600.00000000,121.00000000,127.66666667,0,-5.00000000,-5.00000000,-2.86240523,-2.72630555,1
1017,43.65950448,39.64504784,100.00000000,101700.00000000,108.00000000,119.33333333,0,-8.33333334,-8.33333334,-4.76364169,-2.82359920,1
1018,43.65970891,39.64625824,100.00000000,101800.00000000,107.00000000,112.00000000,0,-7.33333333,-7.33333333,-4.19418279,-0.30498280,1
1019,43.65914181,39.64712734,100.00000000,101900.00000000,111.00000000,108.66666667,0,-3.33333333,-3.33333333,-1.90915243,1.92069048,1
1020,43.65826331,39.64719469,100.00000000,102000.00000000,101.00000000,106.33333333,0,-2.33333334,-2.33333334,-1.33665898,-0.10737302,1
1021,43.65789244,39.64612827,100.00000000,102100.00000000,110.00000000,107.33333333,0,1.00000000,1.00000000,0.57293870,-6.67006746,1
1022,43.65757442,39.64499724,100.00000000,102200.00000000,122.00000000,111.00000000,0,3.66666667,3.66666667,2.09990452,-7.71941005,1
1023,43.65676061,39.64467733,100.00000000,102300.00000000,104.00000000,112.00000000,0,1.00000000,1.00000000,0.57293870,-3.84558598,1
1024,43.65604198,39.64528261,100.00000000,102400.00000000,72.00000000,99.33333333,0,-12.66666667,-12.66666667,-7.21902083,-4.15466138,1
1025,43.65516859,39.64505050,100.00000000,102500.00000000,73.00000000,83.00000000,0,-16.33333333,-16.33333333,-9.27639821,-0.98607143,1
1026,43.65565982,39.64548456,100.00000000,102600.00000000,73.00000000,72.66666667,0,-10.33333333,-10.33333333,-5.89962504,-1.63920238,1
1027,43.65650591,39.64582838,100.00000000,102700.00000000,51.00000000,65.66666667,0,-7.00000000,-7.00000000,-4.00417294,-2.23677778,1
1028,43.65682470,39.64687069,100.00000000,102800.00000000,68.00000000,64.00000000,0,-1.66666667,-1.66666667,-0.95484126,-4.41915873,1
1029,43.65699539,39.64806370,100.00000000,102900.00000000,61.00000000,60.00000000,0,-4.00000000,-4.00000000,-2.29061004,-7.81879365,1
1030,43.65740186,39.64912980,100.00000000,103000.00000000,45.00000000,58.00000000,0,-2.00000000,-2.00000000,-1.14576284,-4.83305423,1
1031,43.65820091,39.64970012,100.00000000,103100.00000000,31.00000000,45.66666667,0,-12.33333333,-12.33333333,-7.03097330,-5.39992857,1
1032,43.65889774,39.65045163,100.00000000,103200.00000000,14.00000000,30.00000000,0,-15.66666667,-15.66666667,-8.90396196,0.42444444,1
1033,43.65911774,39.65165569,100.00000000,103300.00000000,7.00000000,17.33333333,0,-12.66666667,-12.66666667,-7.21902083,3.65656349,1
1034,43.65931359,39.65286894,100.00000000,103400.00000000,7.00000000,9.33333333,0,-8.00000000,-8.00000000,-4.57392126,1.33412169,1
1035,43.65950777,39.65408270,100.00000000,103500.00000000,11.00000000,8.33333333,0,-1.00000000,-1.00000000,-0.57293870,2.24016270,1
1036,43.65970196,39.65529647,100.00000000,103600.00000000,13.00000000,10.33333333,0,2.00000000,2.00000000,1.14576284,-0.08869048,1
1037,43.65989973,39.65650912,100.00000000,103700.00000000,,12.05555555,1,1.72222222,1.72222222,0.98666311,0.46219048,1
1038,43.66010448,39.65771956,100.00000000,103800.00000000,,13.66111111,1,1.60555556,1.60555556,0.91983654,-0.28478571,1
1039,43.66030639,39.65893088,100.00000000,103900.00000000,,15.05000000,1,1.38888889,1.38888889,0.79572355,2.32432937,1
1040,43.66051401,39.66014041,100.00000000,104000.00000000,,14.45555555,1,-0.59444444,-0.59444444,-0.34058757,-0.31404762,1
1041,43.66071690,39.66135146,100.00000000,104100.00000000,,14.32222222,1,-0.13333333,-0.13333333,-0.07639433,-0.07366667,1
1042,43.66091215,39.66256492,100.00000000,104200.00000000,,15.02777777,1,0.70555556,0.70555556,0.40424685,0.36694048,1
1043,43.66110756,39.66377834,100.00000000,104300.00000000,15.00000000,14.33333333,0,-0.69444444,-0.69444444,-0.39788096,-1.13033069,1
1044,43.66130821,39.66499013,100.00000000,104400.00000000,15.00000000,15.00000000,0,0.66666667,0.66666667,0.38196621,-1.08598413,1
1045,43.66150701,39.66620251,100.00000000,104500.00000000,18.00000000,16.00000000,0,1.00000000,1.00000000,0.57293870,-1.02126191,1
1046,43.66170526,39.66741506,100.00000000,104600.00000000,17.00000000,16.66666667,0,0.66666667,0.66666667,0.38196621,-0.68784656,1
1047,43.66190281,39.66862783,100.00000000,104700.00000000,20.00000000,18.33333333,0,1.66666666,1.66666666,0.95484125,2.88642989,1
1048,43.66210575,39.66983889,100.00000000,104800.00000000,22.00000000,19.66666667,0,1.33333334,1.33333334,0.76389846,4.05264418,1
1049,43.66224861,39.67106180,100.00000000,104900.00000000,28.00000000,23.33333333,0,3.66666666,3.66666666,2.09990451,1.49504762,1
1050,43.66217661,39.67230041,100.00000000,105000.00000000,30.00000000,26.66666667,0,3.33333334,3.33333334,1.90915244,3.71317328,1
1051,43.66203211,39.67352699,100.00000000,105100.00000000,36.00000000,31.33333333,0,4.66666666,4.66666666,2.67186459,5.40817725,1
1052,43.66187583,39.67475052,100.00000000,105200.00000000,37.00000000,34.33333333,0,3.00000000,3.00000000,1.71835800,6.71042857,1
1053,43.66183543,39.67599185,100.00000000,105300.00000000,48.00000000,40.33333333,0,6.00000000,6.00000000,3.43363036,4.52428571,1
1054,43.66196453,39.67718229,100.00000000,105400.00000000,54.00000000,46.33333333,0,6.00000000,6.00000000,3.43363036,4.37148810,1
1055,43.66250779,39.67813152,100.00000000,105500.00000000,75.00000000,59.00000000,0,12.66666667,12.66666667,7.21902083,1.74982010,1
1056,43.66231172,39.67933791,100.00000000,105600.00000000,69.00000000,66.00000000,0,7.00000000,7.00000000,4.00417294,3.85895503,1
1057,43.66208027,39.68053892,100.00000000,105700.00000000,74.00000000,72.66666667,0,6.66666667,6.66666667,3.81407484,5.02742196,1
1058,43.66226357,39.68172978,100.00000000,105800.00000000,82.00000000,75.00000000,0,2.33333333,2.33333333,1.33665898,5.75840079,1
1059,43.66196279,39.68285591,100.00000000,105900.00000000,85.00000000,80.33333333,0,5.33333333,5.33333333,3.05288251,6.10336508,1
1060,43.66161364,39.68399082,100.00000000,106000.00000000,93.00000000,86.66666667,0,6.33333334,6.33333334,3.62389260,8.03184921,1
1061,43.66159877,39.68523190,100.00000000,106100.00000000,111.00000000,96.33333333,0,9.66666666,9.66666666,5.52143641,3.83946429,1
1062,43.66158020,39.68647350,100.00000000,106200.00000000,120.00000000,108.00000000,0,11.66666667,11.66666667,6.65442505,3.96582540,1
1063,43.66114169,39.68752839,100.00000000,106300.00000000,131.00000000,120.66666667,0,12.66666667,12.66666667,7.21902083,3.61836772,1
1064,43.66047257,39.68835883,100.00000000,106400.00000000,138.00000000,129.66666667,0,9.00000000,9.00000000,5.14276456,5.57197619,1
1065,43.65973046,39.68905798,100.00000000,106500.00000000,133.00000000,134.00000000,0,4.33333333,4.33333333,2.48126480,8.51551720,1
1066,43.65896569,39.68970331,100.00000000,106600.00000000,140.00000000,137.00000000,0,3.00000000,3.00000000,1.71835800,3.36258730,1
1067,43.65844541,39.69067936,100.00000000,106700.00000000,162.00000000,145.00000000,0,8.00000000,8.00000000,4.57392126,-0.92146825,1
1068,43.65810263,39.69180586,100.00000000,106800.00000000,,151.88055556,1,6.88055556,6.88055556,3.93606439,2.31699471,1
1069,43.65726727,39.69224294,100.00000000,106900.00000000,,154.59722222,1,2.71666667,2.71666667,1.55615259,1.90131878,1
1070,43.65638501,39.69239535,100.00000000,107000.00000000,,160.32222222,1,5.72500000,5.72500000,3.27660674,-1.53769048,1
1071,43.65552244,39.69204612,100.00000000,107100.00000000,,166.36111111,1,6.03888889,6.03888889,3.45583161,1.24391558,1
1072,43.65465234,39.69173248,100.00000000,107200.00000000,,170.86388889,1,4.50277778,4.50277778,2.57816016,0.42617064,1
1073,43.65387579,39.69207495,100.00000000,107300.00000000,,175.81388889,1,4.95000000,4.95000000,2.83382807,-3.95441270,1
1074,43.65316114,39.69275982,100.00000000,107400.00000000,187.00000000,179.66666667,0,3.85277778,3.85277778,2.20638778,-2.55115476,1
1075,43.65227168,39.69284295,100.00000000,107500.00000000,186.00000000,184.66666667,0,5.00000000,5.00000000,2.86240523,-4.90454762,1
1076,43.65147069,39.69230531,100.00000000,107600.00000000,185.00000000,186.00000000,0,1.33333333,1.33333333,0.76389846,-0.41018651,1
1077,43.65070796,39.69164690,100.00000000,107700.00000000,190.00000000,187.00000000,0,1.00000000,1.00000000,0.57293870,-1.65457936,1
1078,43.64992750,39.69103307,100.00000000,107800.00000000,198.00000000,191.00000000,0,4.00000000,4.00000000,2.29061004,0.79784524,1
1079,43.64906416,39.69117541,100.00000000,107900.00000000,205.00000000,197.66666667,0,6.66666667,6.66666667,3.81407484,1.92166402,1
1080,43.64826044,39.69173298,100.00000000,108000.00000000,210.00000000,204.33333333,0,6.66666666,6.66666666,3.81407483,-1.24319841,1
1081,43.64743233,39.69216627,100.00000000,108100.00000000,211.00000000,208.66666667,0,4.33333334,4.33333334,2.48126481,-2.76945635,1
1082,43.64693630,39.69124912,100.00000000,108200.00000000,213.00000000,211.33333333,0,2.66666666,2.66666666,1.52752544,-6.15988889,1
1083,43.64656322,39.69032642,100.00000000,108300.00000000,204.00000000,209.33333333,0,-2.00000000,-2.00000000,-1.14576284,-4.66176852,1
1084,43.64633440,39.69149318,100.00000000,108400.00000000,197.00000000,204.66666667,0,-4.66666666,-4.66666666,-2.67186459,-5.36665476,1
1085,43.64611377,39.69269723,100.00000000,108500.00000000,188.00000000,196.33333333,0,-8.33333334,-8.33333334,-4.76364169,-3.41297619,1
1086,43.64585138,39.69388590,100.00000000,108600.00000000,172.00000000,185.66666667,0,-10.66666666,-10.66666666,-6.08852815,1.87452381,1
1087,43.64558206,39.69506356,100.00000000,108700.00000000,169.00000000,176.33333333,0,-9.33333334,-9.33333334,-5.33215889,-1.37284127,1
1088,43.64519545,39.69559646,100.00000000,108800.00000000,169.00000000,170.00000000,0,-6.33333333,-6.33333333,-3.62389259,-3.92477778,1
1089,43.64464699,39.69463270,100.00000000,108900.00000000,186.00000000,174.66666667,0,4.66666667,4.66666667,2.67186460,-8.77703968,1
1090,43.64436325,39.69561232,100.00000000,109000.00000000,171.00000000,175.33333333,0,0.66666666,0.66666666,0.38196620,-8.03855952,1
1091,43.64435882,39.69685505,100.00000000,109100.00000000,150.00000000,169.00000000,0,-6.33333333,-6.33333333,-3.62389259,-7.78721429,1
1092,43.64420840,39.69807758,100.00000000,109200.00000000,138.00000000,153.00000000,0,-16.00000000,-16.00000000,-9.09027692,-6.67823413,1
1093,43.64399325,39.69928143,100.00000000,109300.00000000,120.00000000,136.00000000,0,-17.00000000,-17.00000000,-9.64804532,-1.44323809,1
1094,43.64396137,39.70051529,100.00000000,109400.00000000,113.00000000,123.66666667,0,-12.33333333,-12.33333333,-7.03097330,9.00268254,1
1095,43.64353787,39.70156908,100.00000000,109500.00000000,106.00000000,113.00000000,0,-10.66666667,-10.66666667,-6.08852816,-1.21911905,1
1096,43.64283439,39.70095831,100.00000000,109600.00000000,113.00000000,110.66666667,0,-2.33333333,-2.33333333,-1.33665898,6.40429365,1
1097,43.64230252,39.69995695,100.00000000,109700.00000000,143.00000000,120.66666667,0,10.00000000,10.00000000,5.71059314,-3.78653836,1
1098,43.64156983,39.69930271,100.00000000,109800.00000000,96.00000000,117.33333333,0,-3.33333334,-3.33333334,-1.90915244,-7.38716667,1
1099,43.64085419,39.69860912,100.00000000,109900.00000000,140.00000000,126.33333333,0,9.00000000,9.00000000,5.14276456,-12.00868386,1
1100,43.64025296,39.69770542,100.00000000,110000.00000000,,128.53333333,1,2.20000000,2.20000000,1.26030385,-0.78083730,1
1101,43.63940954,39.69774798,100.00000000,110100.00000000,,120.41111111,1,-8.12222222,-8.12222222,-4.64349731,0.21994841,1
1102,43.63904236,39.69886306,100.00000000,110200.00000000,,101.36666666,1,-19.04444445,-19.04444445,-10.78254263,-0.16399471,1
1103,43.63906449,39.70009873,100.00000000,110300.00000000,,87.72777778,1,-13.63888889,-13.63888889,-7.76658646,-0.09505556,1
1104,43.63909517,39.70131148,100.00000000,110400.00000000,,72.37222222,1,-15.35555555,-15.35555555,-8.72989647,4.23569048,1
1105,43.63832135,39.70189997,100.00000000,110500.00000000,,56.28611111,1,-16.08611111,-16.08611111,-9.13837695,3.67736508,1
1106,43.63745751,39.70222790,100.00000000,110600.00000000,34.00000000,34.33333333,0,-21.95277778,-21.95277778,-12.38160870,6.51048413,1
1107,43.63658706,39.70204247,100.00000000,110700.00000000,42.00000000,37.00000000,0,2.66666667,2.66666667,1.52752544,7.28459921,1
1108,43.63575647,39.70245825,100.00000000,110800.00000000,40.00000000,38.66666667,0,1.66666667,1.66666667,0.95484126,4.50206349,1
1109,43.63504979,39.70292967,100.00000000,110900.00000000,55.00000000,45.66666667,0,7.00000000,7.00000000,4.00417294,4.09928307,1
1110,43.63494028,39.70413327,100.00000000,111000.00000000,64.00000000,53.00000000,0,7.33333333,7.33333333,4.19418279,5.08252116,1
1111,43.63445019,39.70511163,100.00000000,111100.00000000,76.00000000,65.00000000,0,12.00000000,12.00000000,6.84277341,3.48601587,1
1112,43.63400479,39.70618508,100.00000000,111200.00000000,75.00000000,71.66666667,0,6.66666667,6.66666667,3.81407484,2.25213889,1
1113,43.63363965,39.70731812,100.00000000,111300.00000000,90.00000000,80.33333333,0,8.66666666,8.66666666,4.95325747,2.76903968,1
1114,43.63294701,39.70809191,100.00000000,111400.00000000,78.00000000,81.00000000,0,0.66666667,0.66666667,0.38196621,5.97075000,1
1115,43.63227949,39.70891684,100.00000000,111500.00000000,86.00000000,84.66666667,0,3.66666667,3.66666667,2.09990452,8.09314418,1
1116,43.63152852,39.70959236,100.00000000,111600.00000000,100.00000000,88.00000000,0,3.33333333,3.33333333,1.90915243,4.69073906,1
1117,43.63063797,39.70952320,100.00000000,111700.00000000,102.00000000,96.00000000,0,8.00000000,8.00000000,4.57392126,0.81222222,1
1118,43.63084143,39.71047271,100.00000000,111800.00000000,119.00000000,107.00000000,0,11.00000000,11.00000000,6.27729849,-3.73410318,1
1119,43.63148134,39.71132489,100.00000000,111900.00000000,116.00000000,112.33333333,0,5.33333333,5.33333333,3.05288251,-3.29503968,1
1120,43.63141441,39.71252121,100.00000000,112000.00000000,102.00000000,112.33333333,0,0.00000000,0.00000000,0.00000000,-1.83017857,1
1121,43.63164630,39.71367491,100.00000000,112100.00000000,90.00000000,102.66666667,0,-9.66666666,-9.66666666,-5.52143641,-0.31316667,1
1122,43.63111535,39.71461210,100.00000000,112200.00000000,92.00000000,94.66666667,0,-8.00000000,-8.00000000,-4.57392126,-2.51985426,1
1123,43.63023745,39.71486568,100.00000000,112300.00000000,87.00000000,89.66666667,0,-5.00000000,-5.00000000,-2.86240523,-0.90860582,1
1124,43.62938925,39.71526059,100.00000000,112400.00000000,87.00000000,88.66666667,0,-1.00000000,-1.00000000,-0.57293870,-3.92720635,1
1125,43.62860127,39.71585897,100.00000000,112500.00000000,77.00000000,83.66666667,0,-5.00000000,-5.00000000,-2.86240523,-1.55645370,1
1126,43.62781617,39.71646493,100.00000000,112600.00000000,87.00000000,83.66666667,0,0.00000000,0.00000000,0.00000000,-2.32934127,1
1127,43.62698161,39.71690842,100.00000000,112700.00000000,71.00000000,78.33333333,0,-5.33333334,-5.33333334,-3.05288252,1.49889286,1
1128,43.62608476,39.71692599,100.00000000,112800.00000000,75.00000000,77.66666667,0,-0.66666666,-0.66666666,-0.38196620,0.34682143,1
1129,43.62518695,39.71685596,100.00000000,112900.00000000,80.00000000,75.33333333,0,-2.33333334,-2.33333334,-1.33665898,3.53491931,1
1130,43.62429081,39.71675360,100.00000000,113000.00000000,88.00000000,81.00000000,0,5.66666667,5.66666667,3.24329228,2.80705820,1
1131,43.62339680,39.71684913,100.00000000,113100.00000000,90.00000000,86.00000000,0,5.00000000,5.00000000,2.86240523,1.59317460,1
1132,43.62256516,39.71731836,100.00000000,113200.00000000,100.00000000,92.66666667,0,6.66666667,6.66666667,3.81407484,-1.02473809,1
1133,43.62175500,39.71785600,100.00000000,113300.00000000,95.00000000,95.00000000,0,2.33333333,2.33333333,1.33665898,-4.77018386,1
1134,43.62117874,39.71880203,100.00000000,113400.00000000,,93.64166667,1,-1.35833333,-1.35833333,-0.77821981,0.10113624,1
1135,43.62032959,39.71917101,100.00000000,113500.00000000,,93.41666667,1,-0.22500000,-0.22500000,-0.12891529,-0.24419445,1
1136,43.61943648,39.71910185,100.00000000,113600.00000000,,92.98055556,1,-0.43611111,-0.43611111,-0.24987168,0.21785317,1
1137,43.61854269,39.71898648,100.00000000,113700.00000000,,92.13333333,1,-0.84722222,-0.84722222,-0.48541096,1.30116270,1
1138,43.61764755,39.71887523,100.00000000,113800.00000000,,90.96944444,1,-1.16388889,-1.16388889,-0.66682910,2.84099206,1
1139,43.61675047,39.71881340,100.00000000,113900.00000000,,90.66388889,1,-0.30555556,-0.30555556,-0.17506989,1.15524603,1
1140,43.61587559,39.71885749,100.00000000,114000.00000000,93.00000000,90.00000000,0,-0.66388889,-0.66388889,-0.38037473,1.45723016,1
1141,43.61501230,39.71863162,100.00000000,114100.00000000,91.00000000,91.66666667,0,1.66666667,1.66666667,0.95484126,0.53671164,1
1142,43.61421578,39.71879431,100.00000000,114200.00000000,94.00000000,92.66666667,0,1.00000000,1.00000000,0.57293870,0.30686640,1
1143,43.61358771,39.71949833,100.00000000,114300.00000000,104.00000000,96.33333333,0,3.66666666,3.66666666,2.09990451,0.70185979,1
1144,43.61285644,39.72019739,100.00000000,114400.00000000,100.00000000,99.33333333,0,3.00000000,3.00000000,1.71835800,-0.01367460,1
1145,43.61210189,39.72085765,100.00000000,114500.00000000,90.00000000,98.00000000,0,-1.33333333,-1.33333333,-0.76389846,-0.16520635,1
1146,43.61124904,39.72125053,100.00000000,114600.00000000,91.00000000,93.66666667,0,-4.33333333,-4.33333333,-2.48126480,2.66270238,1
1147,43.61038777,39.72151146,100.00000000,114700.00000000,90.00000000,90.33333333,0,-3.33333334,-3.33333334,-1.90915244,1.70115476,1
1148,43.60950826,39.72125903,100.00000000,114800.00000000,98.00000000,93.00000000,0,2.66666667,2.66666667,1.52752544,2.31192857,1
1149,43.60861339,39.72127528,100.00000000,114900.00000000,103.00000000,97.00000000,0,4.00000000,4.00000000,2.29061004,-0.36568254,1
1150,43.60772502,39.72140905,100.00000000,115000.00000000,103.00000000,101.33333333,0,4.33333333,4.33333333,2.48126480,-0.64369841,1
1151,43.60685992,39.72107466,100.00000000,115100.00000000,103.00000000,103.00000000,0,1.66666667,1.66666667,0.95484126,1.43479762,1
1152,43.60618203,39.72027169,100.00000000,115200.00000000,101.00000000,102.33333333,0,-0.66666667,-0.66666667,-0.38196621,0.39363889,1
1153,43.60535649,39.71979119,100.00000000,115300.00000000,97.00000000,100.33333333,0,-2.00000000,-2.00000000,-1.14576284,0.52418783,1
1154,43.60458927,39.71915430,100.00000000,115400.00000000,101.00000000,99.66666667,0,-0.66666666,-0.66666666,-0.38196620,-1.27336508,1
1155,43.60407348,39.71817291,100.00000000,115500.00000000,105.00000000,101.00000000,0,1.33333333,1.33333333,0.76389846,-3.55273413,1
1156,43.60359090,39.71731550,100.00000000,115600.00000000,100.00000000,102.00000000,0,1.00000000,1.00000000,0.57293870,-2.13714683,1
1157,43.60297928,39.71645768,100.00000000,115700.00000000,90.00000000,98.33333333,0,-3.66666667,-3.66666667,-2.09990452,-0.51915079,1
1158,43.60235719,39.71569538,100.00000000,115800.00000000,88.00000000,92.66666667,0,-5.66666666,-5.66666666,-3.24329228,-1.05198148,1
1159,43.60146902,39.71566827,100.00000000,115900.00000000,86.00000000,88.00000000,0,-4.66666667,-4.66666667,-2.67186460,-2.79943651,1
1160,43.60062017,39.71556076,100.00000000,116000.00000000,81.00000000,85.00000000,0,-3.00000000,-3.00000000,-1.71835800,-3.55373016,1
1161,43.59981816,39.71605968,100.00000000,116100.00000000,83.00000000,83.33333333,0,-1.66666667,-1.66666667,-0.95484126,-6.80323280,1
1162,43.59891972,39.71608721,100.00000000,116200.00000000,,77.50000000,1,-5.83333333,-5.83333333,-3.33847054,-4.29734392,1
1163,43.59804786,39.71586000,100.00000000,116300.00000000,,70.02222222,1,-7.47777778,-7.47777778,-4.27649194,-4.74794577,1
1164,43.59744902,39.71496441,100.00000000,116400.00000000,,66.19444444,1,-3.82777778,-3.82777778,-2.19208493,-4.30585317,1
1165,43.59713481,39.71570946,100.00000000,116500.00000000,,60.96666666,1,-5.22777778,-5.22777778,-2.99257181,-2.54231746,1
1166,43.59742375,39.71670683,100.00000000,116600.00000000,,59.80000000,1,-1.16666667,-1.16666667,-0.66842044,-5.40181085,1
1167,43.59655375,39.71646720,100.00000000,116700.00000000,,55.25000000,1,-4.55000000,-4.55000000,-2.60516118,-3.04550265,1
1168,43.59571134,39.71688673,100.00000000,116800.00000000,34.00000000,48.33333333,0,-6.91666667,-6.91666667,-3.95665653,-5.19340079,1
1169,43.59490267,39.71742948,100.00000000,116900.00000000,32.00000000,40.33333333,0,-8.00000000,-8.00000000,-4.57392126,-0.87529630,1
1170,43.59401161,39.71756100,100.00000000,117000.00000000,23.00000000,29.66666667,0,-10.66666666,-10.66666666,-6.08852815,-1.19497619,1
1171,43.59311621,39.71760770,100.00000000,117100.00000000,20.00000000,25.00000000,0,-4.66666667,-4.66666667,-2.67186460,-2.02411905,1
1172,43.59222480,39.71744461,100.00000000,117200.00000000,19.00000000,20.66666667,0,-4.33333333,-4.33333333,-2.48126480,-0.74117063,1
1173,43.59133215,39.71729360,100.00000000,117300.00000000,19.00000000,19.33333333,0,-1.33333334,-1.33333334,-0.76389846,-2.14005952,1
1174,43.59044579,39.71709509,100.00000000,117400.00000000,16.00000000,18.00000000,0,-1.33333333,-1.33333333,-0.76389846,0.67600926,1
1175,43.58957756,39.71677143,100.00000000,117500.00000000,16.00000000,17.00000000,0,-1.00000000,-1.00000000,-0.57293870,-3.05426455,1
1176,43.58874334,39.71632237,100.00000000,117600.00000000,20.00000000,17.33333333,0,0.33333333,0.33333333,0.19098522,-2.25761905,1
1177,43.58796468,39.71570119,100.00000000,117700.00000000,17.00000000,17.66666667,0,0.33333334,0.33333334,0.19098523,-2.37640476,1
1178,43.58721610,39.71599883,100.00000000,117800.00000000,0.00000000,12.33333333,0,-5.33333334,-5.33333334,-3.05288252,1.97021429,1
1179,43.58654096,39.71681902,100.00000000,117900.00000000,8.00000000,8.33333333,0,-4.00000000,-4.00000000,-2.29061004,-0.93608730,1
1180,43.58586045,39.71763072,100.00000000,118000.00000000,4.00000000,4.00000000,0,-4.33333333,-4.33333333,-2.48126480,0.44104233,1
1181,43.58516007,39.71840520,100.00000000,118100.00000000,7.00000000,6.33333333,0,2.33333333,2.33333333,1.33665898,-0.56784921,1
1182,43.58448646,39.71922671,100.00000000,118200.00000000,6.00000000,5.66666667,0,-0.66666666,-0.66666666,-0.38196620,0.74051190,1
1183,43.58380177,39.72003166,100.00000000,118300.00000000,8.00000000,7.00000000,0,1.33333333,1.33333333,0.76389846,-0.81729365,1
1184,43.58312584,39.72085048,100.00000000,118400.00000000,5.00000000,6.33333333,0,-0.66666667,-0.66666667,-0.38196621,1.89652381,1
1185,43.58245558,39.72167816,100.00000000,118500.00000000,9.00000000,7.33333333,0,1.00000000,1.00000000,0.57293870,0.41611640,1
1186,43.58208979,39.72261276,100.00000000,118600.00000000,5.00000000,6.33333333,0,-1.00000000,-1.00000000,-0.57293870,1.19708333,1
1187,43.58296318,39.72271636,100.00000000,118700.00000000,11.00000000,8.33333333,0,2.00000000,2.00000000,1.14576284,0.05268386,1
1188,43.58376152,39.72328127,100.00000000,118800.00000000,10.00000000,8.66666667,0,0.33333334,0.33333334,0.19098523,-0.98269048,0
1189,43.58454405,39.72387711,100.00000000,118900.00000000,12.00000000,11.00000000,0,2.33333333,2.33333333,1.33665898,0.63437037,0
1190,43.58520420,39.72366330,100.00000000,119000.00000000,12.00000000,11.33333333,0,0.33333333,0.33333333,0.19098522,-1.77974603,0
1191,43.58529500,39.72371000,10.77425169,119010.77425169,12.00000000,12.00000000,0,6.18759139,6.18759139,3.54071463,0.60128175,0
